HIERARCHY
ROOT Hips
{
	OFFSET 0.000000 0.000000 0.000000
	CHANNELS 6 Xposition Yposition Zposition Zrotation Xrotation Yrotation
	JOINT Chest
	{
		OFFSET 0.000000 0.151355 0.000000
		CHANNELS 3 Zrotation Xrotation Yrotation
		JOINT Chest2
		{
			OFFSET 0.000000 0.151355 0.000000
			CHANNELS 3 Zrotation Xrotation Yrotation
			JOINT Chest3
			{
				OFFSET 0.000000 0.100769 0.000000
				CHANNELS 3 Zrotation Xrotation Yrotation
				JOINT Neck
				{
					OFFSET 0.000000 0.100769 0.000000
					CHANNELS 3 Zrotation Xrotation Yrotation
					JOINT Head
					{
						OFFSET 0.000000 0.113840 0.000000
						CHANNELS 3 Zrotation Xrotation Yrotation
						End Site
						{
						    OFFSET 0.000000 0.050000 0.000000
						}
					}
				}
				JOINT RightCollar
				{
					OFFSET -0.020000 0.100769 0.000000
					CHANNELS 3 Zrotation Xrotation Yrotation
					JOINT RightShoulder
					{
						OFFSET -0.138498 0.000000 0.000000
						CHANNELS 3 Zrotation Xrotation Yrotation
						JOINT RightElbow
						{
							OFFSET 0.000000 -0.256853 0.000000
							CHANNELS 3 Zrotation Xrotation Yrotation
							JOINT RightWrist
							{
								OFFSET 0.000000 -0.220956 0.000000
								CHANNELS 3 Zrotation Xrotation Yrotation
								JOINT RightFinger0
								{
									OFFSET 0.000000 -0.075629 0.000000
									CHANNELS 3 Zrotation Xrotation Yrotation
									End Site
									{
									    OFFSET 0.000000 -0.050000 0.000000
									}
								}
							}
						}
					}
				}
				JOINT LeftCollar
				{
					OFFSET 0.020000 0.100769 0.000000
					CHANNELS 3 Zrotation Xrotation Yrotation
					JOINT LeftShoulder
					{
						OFFSET 0.138498 0.000000 0.000000
						CHANNELS 3 Zrotation Xrotation Yrotation
						JOINT LeftElbow
						{
							OFFSET 0.000000 -0.256853 0.000000
							CHANNELS 3 Zrotation Xrotation Yrotation
							JOINT LeftWrist
							{
								OFFSET 0.000000 -0.220956 0.000000
								CHANNELS 3 Zrotation Xrotation Yrotation
								JOINT LeftFinger0
								{
									OFFSET 0.000000 -0.075629 0.000000
									CHANNELS 3 Zrotation Xrotation Yrotation
									End Site
									{
									    OFFSET 0.000000 -0.050000 0.000000
									}
								}
							}
						}
					}
				}
			}
		}
	}
	JOINT RightHip
	{
		OFFSET -0.085493 0.000000 0.000000
		CHANNELS 3 Zrotation Xrotation Yrotation
		JOINT RightKnee
		{
			OFFSET 0.000000 -0.391951 0.000000
			CHANNELS 3 Zrotation Xrotation Yrotation
			JOINT RightAnkle
			{
				OFFSET 0.000000 -0.384412 0.000000
				CHANNELS 3 Zrotation Xrotation Yrotation
				JOINT RightToe
				{
					OFFSET 0.002652 -0.065491 0.115601
					CHANNELS 3 Zrotation Xrotation Yrotation
					End Site
					{
					    OFFSET 0.000998 -0.024641 0.043495
					}
				}
			}
		}
	}
	JOINT LeftHip
	{
		OFFSET 0.085493 0.000000 0.000000
		CHANNELS 3 Zrotation Xrotation Yrotation
		JOINT LeftKnee
		{
			OFFSET 0.000000 -0.391951 0.000000
			CHANNELS 3 Zrotation Xrotation Yrotation
			JOINT LeftAnkle
			{
				OFFSET 0.000000 -0.384412 0.000000
				CHANNELS 3 Zrotation Xrotation Yrotation
				JOINT LeftToe
				{
					OFFSET 0.002652 -0.065491 0.115601
					CHANNELS 3 Zrotation Xrotation Yrotation
					End Site
					{
					    OFFSET 0.000998 -0.024641 0.043495
					}
				}
			}
		}
	}
}


MOTION
Frames: 251
Frame Time: 0.008333

0.022561 0.807564 0.785519 8.948047 -12.826675 -1.547005 -7.649488 4.337115 7.889670 0.000000 11.847835 -0.000000 -0.000000 -0.000000 -0.000000 -0.000000 -0.000000 -0.000000 -4.794119 -8.967416 -2.330759 24.089655 0.001767 2.888864 -43.405280 -3.960200 12.255106 -0.000078 -27.032431 -0.000019 9.591610 10.044780 23.037842 -0.000000 -0.000000 0.000000 -25.007845 -0.000264 3.113349 41.060626 5.306978 -9.822037 -0.000000 -22.002921 0.000000 -12.657961 14.163230 -18.819850 0.000000 -0.000000 -0.000000 -13.879918 6.059364 -4.395733 -0.000000 65.694453 -0.000000 -0.570668 22.071645 -4.856123 0.806201 -11.824070 0.552668 -14.426566 -5.733586 -3.009384 -0.000000 18.917216 0.000000 3.853421 -0.505136 11.506263 -0.000000 0.000000 -0.000000  
 0.022561 0.807564 0.785519 8.948047 -12.826675 -1.547005 -7.649488 4.337115 7.889670 0.000000 11.847835 -0.000000 -0.000000 -0.000000 -0.000000 -0.000000 -0.000000 -0.000000 -4.794119 -8.967416 -2.330759 24.089655 0.001767 2.888864 -43.405280 -3.960200 12.255106 -0.000078 -27.032431 -0.000019 9.591610 10.044780 23.037842 -0.000000 -0.000000 0.000000 -25.007845 -0.000264 3.113349 41.060626 5.306978 -9.822037 -0.000000 -22.002921 0.000000 -12.657961 14.163230 -18.819850 0.000000 -0.000000 -0.000000 -13.879918 6.059364 -4.395733 -0.000000 65.694453 -0.000000 -0.570668 22.071645 -4.856123 0.806201 -11.824070 0.552668 -14.426566 -5.733586 -3.009384 -0.000000 18.917216 0.000000 3.853421 -0.505136 11.506263 -0.000000 0.000000 -0.000000 
0.023089 0.809514 0.795995 8.907880 -12.638188 -1.588166 -7.663605 4.333055 7.530496 -0.000000 11.708906 0.000000 0.000000 -0.000000 0.000000 -0.000000 -0.000000 -0.000000 -4.733050 -9.104049 -2.043418 24.091669 0.001793 2.848067 -43.129516 -3.607527 12.257979 -0.000076 -26.499794 -0.000018 9.397442 10.136489 23.460494 0.000000 0.000000 -0.000000 -25.061405 -0.000290 3.112014 41.137403 4.812338 -9.974369 0.000000 -22.345636 -0.000000 -12.733372 13.849738 -18.365301 0.000000 -0.000000 -0.000000 -13.769584 3.830697 -4.465728 0.000000 67.603762 0.000000 -0.923423 20.063239 -5.674648 0.791921 -11.551109 0.544160 -14.458634 -4.908983 -2.990674 -0.000000 18.472673 -0.000000 3.988040 -1.067932 11.546747 0.000000 0.000000 -0.000000 
0.023453 0.811464 0.806359 8.787814 -12.379486 -1.637081 -7.586775 4.233776 7.130308 -0.000000 11.601136 0.000000 -0.000000 -0.000000 0.000000 -0.000000 -0.000000 0.000000 -4.653749 -9.244454 -1.732379 24.094233 0.001818 2.838984 -42.870115 -3.183146 12.215088 -0.000075 -26.122074 -0.000017 9.250925 10.430567 23.842805 -0.000000 0.000000 -0.000000 -25.136701 -0.000324 3.117835 41.261240 4.308489 -10.034609 -0.000000 -22.771817 0.000000 -13.098750 13.592766 -17.572625 -0.000000 -0.000000 -0.000000 -13.516870 1.584853 -4.523806 -0.000000 69.208200 0.000000 -1.004253 17.988327 -6.685809 0.779264 -11.012576 0.543254 -14.407361 -4.136996 -3.042484 0.000000 17.989034 0.000000 4.105768 -1.599765 11.627629 -0.000000 0.000000 -0.000000 
0.023883 0.813314 0.816719 8.650369 -12.129494 -1.652111 -7.474349 4.148978 6.699998 -0.000000 11.492938 -0.000000 -0.000000 -0.000000 -0.000000 -0.000000 -0.000000 -0.000000 -4.585202 -9.369430 -1.406636 24.077050 0.001875 2.818046 -42.627565 -2.728098 12.172070 -0.000073 -25.771527 -0.000017 9.094243 10.634983 24.142889 -0.000000 0.000000 -0.000000 -25.218697 -0.000362 3.116328 41.362900 3.780402 -10.349742 0.000000 -23.132351 -0.000000 -12.927358 13.304759 -17.556244 0.000000 0.000000 0.000000 -13.275661 -0.650130 -4.562902 -0.000000 70.443895 0.000000 -0.838936 16.577428 -7.590167 0.761814 -11.281774 0.519503 -14.338644 -3.336378 -3.087017 -0.000000 17.470483 0.000000 4.234826 -2.109890 11.669130 -0.000000 0.000000 -0.000000 
0.024087 0.814908 0.827038 8.410724 -11.916423 -1.635128 -7.238201 4.089773 6.225458 0.000000 11.460671 0.000000 -0.000000 -0.000000 -0.000000 -0.000000 -0.000000 -0.000000 -4.558267 -9.585515 -1.117735 23.987932 0.002053 2.826665 -42.323964 -2.291735 12.071817 -0.000072 -25.397850 -0.000016 8.899934 10.696409 24.514583 -0.000000 0.000000 -0.000000 -25.316955 -0.000408 3.112332 41.504296 3.155604 -10.638412 0.000000 -23.528396 0.000000 -13.021648 13.066033 -17.157154 0.000000 -0.000000 -0.000000 -12.860708 -2.758743 -4.574260 0.000000 71.402408 -0.000000 -0.565483 14.939538 -8.561073 0.747368 -11.059725 0.509728 -14.083484 -2.624308 -2.626835 -0.000000 17.207231 0.000000 4.407925 -2.781166 11.176374 -0.000000 0.000000 -0.000000 
0.024410 0.817013 0.837895 8.271804 -11.939731 -1.678460 -7.133364 4.219440 5.843646 -0.000000 11.464280 -0.000000 -0.000000 0.000000 -0.000000 -0.000000 0.000000 0.000000 -4.467729 -9.765497 -0.769228 23.961951 0.002129 2.826646 -42.115759 -1.894082 12.154816 -0.000071 -25.010097 -0.000016 8.696964 10.680399 24.574389 -0.000000 0.000000 0.000000 -25.424620 -0.000458 3.085744 41.691175 2.529392 -10.917682 -0.000000 -23.939376 0.000000 -13.129939 12.882377 -16.777500 0.000000 -0.000000 0.000000 -12.580523 -4.525521 -4.441424 -0.000000 71.998743 0.000000 -0.155461 13.248017 -9.528502 0.730497 -11.244731 0.488164 -14.078944 -1.247580 -3.164974 0.000000 16.134328 -0.000000 4.470710 -3.007430 11.784897 0.000000 0.000000 -0.000000 
0.024298 0.818499 0.847775 7.962430 -11.686294 -1.409363 -6.833609 4.160856 5.135266 -0.000000 11.426533 -0.000000 -0.000000 -0.000000 -0.000000 -0.000000 0.000000 -0.000000 -4.318724 -9.883938 -0.466190 23.923408 0.002228 2.741274 -41.905132 -1.580547 12.252488 -0.000070 -24.647893 -0.000015 8.653895 10.759427 24.525223 -0.000000 0.000000 -0.000000 -25.450629 -0.000477 2.984155 41.809468 1.901659 -11.242930 0.000000 -24.313930 -0.000000 -13.175245 12.585375 -16.530025 -0.000000 -0.000000 -0.000000 -12.015820 -6.458481 -4.559678 0.000000 72.335278 -0.000000 0.018043 11.555603 -10.383811 0.714310 -11.322968 0.469585 -13.759086 -0.551811 -3.160288 0.000000 15.833497 0.000000 4.588352 -3.586906 11.466430 -0.000000 0.000000 -0.000000 
0.024235 0.819854 0.858390 7.656516 -11.712146 -1.248537 -6.531815 4.331429 4.573204 0.000000 11.457099 -0.000000 0.000000 0.000000 -0.000000 0.000000 0.000000 0.000000 -4.210969 -10.090374 -0.186779 23.810252 0.002458 2.715247 -41.656245 -1.213078 12.381502 -0.000069 -24.321532 -0.000015 8.522165 10.793277 24.472261 -0.000000 -0.000000 -0.000000 -25.480123 -0.000497 2.887318 41.931574 1.227889 -11.560793 -0.000000 -24.760280 -0.000000 -13.243383 12.483809 -16.332563 -0.000000 0.000000 0.000000 -11.477788 -7.994255 -4.504487 0.000000 72.354400 0.000000 -0.258075 9.714055 -10.930461 0.700114 -11.090308 0.460151 -13.440261 0.464878 -2.920315 -0.000000 15.504885 0.000000 4.712342 -4.222875 11.091657 -0.000000 0.000000 -0.000000 
0.024057 0.821086 0.868526 7.364588 -11.604813 -0.929265 -6.250684 4.414238 3.874266 0.000000 11.455725 -0.000000 -0.000000 -0.000000 -0.000000 0.000000 -0.000000 -0.000000 -4.070372 -10.235973 0.094667 23.728931 0.002638 2.683487 -41.445423 -0.826762 12.460187 -0.000068 -24.131538 -0.000015 8.687637 11.048186 24.123444 0.000000 0.000000 0.000000 -25.474041 -0.000504 2.800610 42.050365 0.444836 -11.994108 -0.000000 -25.048678 -0.000000 -13.230351 12.253504 -16.101818 -0.000000 -0.000000 -0.000000 -10.974988 -9.560026 -4.590285 0.000000 72.065720 0.000000 -0.573474 8.016773 -11.338610 0.683611 -11.234902 0.439485 -13.139254 1.328493 -3.059734 0.000000 15.186551 0.000000 4.801764 -4.796932 10.904989 -0.000000 0.000000 -0.000000 
0.023805 0.822387 0.879293 7.030047 -11.723518 -0.716552 -5.931881 4.658536 3.312119 0.000000 11.475169 -0.000000 -0.000000 0.000000 0.000000 -0.000000 0.000000 -0.000000 -3.872890 -10.276894 0.365059 23.624994 0.002863 2.520842 -41.242013 -0.583911 12.798420 -0.000067 -23.790043 -0.000014 8.778722 11.055673 24.064150 -0.000000 -0.000000 -0.000000 -25.428405 -0.000494 2.630198 42.141439 -0.205654 -12.314351 -0.000000 -25.494671 0.000000 -13.338446 12.172988 -15.944768 0.000000 -0.000000 -0.000000 -10.378206 -10.788221 -4.465123 -0.000000 71.446588 0.000000 -1.045392 6.481623 -11.585766 0.667084 -11.386757 0.418465 -12.819535 2.524816 -3.298746 -0.000000 14.711753 -0.000000 4.876635 -5.329937 10.962678 -0.000000 0.000000 0.000000 
0.023499 0.823321 0.889601 6.726925 -11.723564 -0.392628 -5.648335 4.841303 2.674986 0.000000 11.455516 -0.000000 -0.000000 0.000000 0.000000 -0.000000 0.000000 -0.000000 -3.650552 -10.325415 0.581271 23.545567 0.003049 2.440310 -41.076705 -0.210606 13.036176 -0.000066 -23.521000 -0.000014 8.918689 11.048859 24.163290 -0.000000 -0.000000 0.000000 -25.328778 -0.000460 2.437215 42.231365 -0.852517 -12.721732 0.000000 -25.909432 0.000000 -13.350650 11.991780 -15.924464 -0.000000 -0.000000 -0.000000 -9.817033 -12.066298 -4.394500 -0.000000 70.597190 -0.000000 -1.439481 5.101643 -11.737885 0.650920 -11.486640 0.398897 -12.498084 3.470612 -3.542155 0.000000 14.452630 -0.000000 4.948393 -5.935859 10.897052 0.000000 0.000000 -0.000000 
0.023115 0.824164 0.900115 6.414709 -11.829213 -0.041344 -5.351889 5.147312 2.035775 -0.000000 11.403048 -0.000000 0.000000 0.000000 0.000000 -0.000000 0.000000 -0.000000 -3.423984 -10.354055 0.773651 23.441660 0.003284 2.336418 -40.883793 0.157411 13.241499 -0.000066 -23.353144 -0.000014 9.123910 11.219198 24.267948 -0.000000 0.000000 -0.000000 -25.211109 -0.000417 2.230748 42.309071 -1.491441 -13.058772 0.000000 -26.386365 -0.000000 -13.456450 11.943693 -15.921093 0.000000 -0.000000 0.000000 -9.210808 -13.121452 -4.224787 0.000000 69.463615 -0.000000 -1.739829 3.771780 -11.999399 0.635154 -11.532059 0.380907 -12.180870 4.546906 -4.037678 0.000000 14.171827 -0.000000 5.010894 -6.522074 11.077269 0.000000 0.000000 -0.000000 
0.022692 0.824908 0.910787 6.095385 -12.019377 0.255302 -5.046906 5.500466 1.492758 0.000000 11.399744 -0.000000 -0.000000 -0.000000 -0.000000 -0.000000 0.000000 -0.000000 -3.205942 -10.324080 0.929926 23.361931 0.003480 2.147519 -40.735599 0.414519 13.532511 -0.000065 -23.251198 -0.000013 9.408800 11.602235 24.136489 0.000000 -0.000000 0.000000 -25.073896 -0.000364 1.958760 42.374148 -2.121091 -13.463838 -0.000000 -26.752322 -0.000000 -13.331587 11.601070 -16.405867 0.000000 0.000000 0.000000 -8.635853 -13.988213 -4.035148 -0.000000 68.067897 -0.000000 -2.056596 2.533656 -12.096999 0.622201 -11.159789 0.375845 -11.852339 5.739338 -4.532342 -0.000000 13.829800 0.000000 5.076410 -7.088697 11.323611 -0.000000 0.000000 -0.000000 
0.022246 0.825371 0.921288 5.833850 -12.172583 0.645617 -4.815022 5.846373 0.902412 -0.000000 11.353621 -0.000000 -0.000000 -0.000000 0.000000 -0.000000 -0.000000 -0.000000 -2.875032 -10.285522 1.073990 23.310602 0.003625 1.985375 -40.607177 0.731030 13.796618 -0.000065 -23.132586 -0.000013 9.723291 11.781665 24.249516 0.000000 -0.000000 -0.000000 -24.904945 -0.000296 1.672567 42.456710 -2.741295 -13.693851 0.000000 -27.345393 0.000000 -13.639977 11.808818 -16.178402 -0.000000 -0.000000 -0.000000 -8.075161 -14.809150 -3.785108 0.000000 66.433082 -0.000000 -2.129693 1.594854 -12.182575 0.608129 -10.964080 0.365383 -11.554788 6.822131 -5.073778 -0.000000 13.617321 -0.000000 5.143492 -7.701684 11.528813 -0.000000 0.000000 -0.000000 
0.021720 0.825672 0.931929 5.583480 -12.355064 1.027892 -4.598391 6.199922 0.345935 -0.000000 11.303056 -0.000000 -0.000000 0.000000 -0.000000 -0.000000 -0.000000 0.000000 -2.582121 -10.152837 1.196423 23.298353 0.003698 1.733760 -40.506698 0.972071 14.060151 -0.000065 -23.008395 -0.000013 10.038797 11.954253 24.375066 -0.000000 0.000000 0.000000 -24.719861 -0.000218 1.382387 42.562025 -3.336557 -14.104523 -0.000000 -27.784081 -0.000000 -13.681108 11.524204 -16.456975 0.000000 -0.000000 -0.000000 -7.565851 -15.468588 -3.556951 -0.000000 64.517702 0.000000 -2.058547 0.851628 -12.289857 0.593733 -10.826727 0.353130 -11.237653 7.928162 -5.498608 -0.000000 13.425514 -0.000000 5.208284 -8.346340 11.628930 -0.000000 0.000000 0.000000 
0.021321 0.825700 0.942372 5.392610 -12.553034 1.474158 -4.427754 6.602109 -0.254552 0.000000 11.272554 -0.000000 -0.000000 -0.000000 -0.000000 -0.000000 -0.000000 -0.000000 -2.272367 -10.113571 1.278045 23.299461 0.003745 1.548158 -40.418772 1.249309 14.218079 -0.000064 -22.933374 -0.000013 10.299163 12.095205 24.587306 -0.000000 0.000000 0.000000 -24.544831 -0.000143 1.052734 42.693862 -3.928150 -14.401173 -0.000000 -28.317352 0.000000 -13.748883 11.402130 -16.432943 0.000000 0.000000 -0.000000 -7.194676 -16.017929 -3.450547 -0.000000 62.377466 -0.000000 -2.067803 0.307866 -12.278468 0.578848 -10.773983 0.338210 -11.005717 8.973304 -6.257142 0.000000 13.367141 -0.000000 5.294058 -9.009171 12.027131 0.000000 0.000000 -0.000000 
0.020772 0.825675 0.952912 5.204405 -12.713277 1.916800 -4.280398 6.880139 -0.816999 0.000000 11.304233 -0.000000 0.000000 -0.000000 0.000000 0.000000 -0.000000 0.000000 -1.890591 -9.989717 1.404228 23.368699 0.003658 1.340787 -40.380152 1.507267 14.394813 -0.000064 -22.841004 -0.000013 10.467120 12.117599 24.760066 -0.000000 0.000000 0.000000 -24.306148 -0.000036 0.681200 42.743963 -4.523503 -14.475303 0.000000 -28.746923 -0.000000 -13.915709 11.213292 -16.531719 -0.000000 -0.000000 -0.000000 -6.861788 -16.519729 -3.447866 -0.000000 60.073080 0.000000 -1.982946 -0.327569 -12.271507 0.565970 -10.414939 0.333082 -10.675119 10.049458 -6.467855 -0.000000 13.163648 -0.000000 5.347829 -9.660642 11.844345 -0.000000 -0.000000 0.000000 
0.020237 0.825403 0.963665 5.070623 -13.001382 2.353422 -4.191415 7.293584 -1.327847 -0.000000 11.358888 -0.000000 -0.000000 0.000000 0.000000 -0.000000 0.000000 -0.000000 -1.514750 -9.904537 1.418657 23.457435 0.003527 1.105800 -40.342868 1.719855 14.479271 -0.000064 -22.749274 -0.000013 10.645438 12.217369 24.857898 -0.000000 -0.000000 0.000000 -24.081035 0.000067 0.283644 42.862270 -5.117716 -14.621649 -0.000000 -29.198043 -0.000000 -13.961322 11.046671 -16.424371 -0.000000 -0.000000 -0.000000 -6.579234 -16.717214 -3.385039 -0.000000 57.495855 0.000000 -1.648189 -0.932728 -12.294819 0.552312 -10.184436 0.323933 -10.382791 11.220261 -6.576729 -0.000000 13.045789 0.000000 5.395807 -10.378847 11.600458 0.000000 0.000000 0.000000 
0.019869 0.824880 0.974322 4.988892 -13.256148 2.760737 -4.150175 7.655150 -1.807930 -0.000000 11.434495 0.000000 -0.000000 -0.000000 -0.000000 -0.000000 -0.000000 -0.000000 -1.136764 -9.836144 1.500224 23.598715 0.003286 0.912548 -40.371119 1.965116 14.558962 -0.000064 -22.689794 -0.000013 10.681775 12.138091 25.046053 -0.000000 0.000000 0.000000 -23.917325 0.000144 -0.077002 43.032543 -5.744747 -14.675498 -0.000000 -29.642549 0.000000 -14.095175 10.776636 -16.458715 0.000000 -0.000000 -0.000000 -6.415970 -16.876569 -3.464607 -0.000000 54.757226 -0.000000 -1.475404 -1.489381 -12.302488 0.539580 -9.808002 0.319580 -10.166154 12.355913 -6.830445 0.000000 12.914716 0.000000 5.463052 -11.069077 11.540524 0.000000 0.000000 -0.000000 
0.019476 0.824193 0.985076 4.921868 -13.524748 3.154954 -4.120660 7.977126 -2.239048 0.000000 11.563921 0.000000 0.000000 -0.000000 0.000000 -0.000000 -0.000000 0.000000 -0.750679 -9.747443 1.503560 23.764781 0.002986 0.714469 -40.426025 2.204256 14.616702 -0.000063 -22.659522 -0.000013 10.712753 12.098060 25.020799 -0.000000 0.000000 0.000000 -23.756433 0.000222 -0.439591 43.225210 -6.406325 -14.793897 0.000000 -30.025713 0.000000 -14.180701 10.534057 -16.363446 0.000000 0.000000 -0.000000 -6.258321 -16.926916 -3.550802 0.000000 51.849963 0.000000 -1.319485 -1.945348 -12.421183 0.525991 -9.577936 0.310578 -9.940844 13.489650 -6.964532 -0.000000 12.822993 0.000000 5.517970 -11.799517 11.373301 -0.000000 0.000000 -0.000000 
0.019145 0.823319 0.995840 4.901583 -13.764212 3.598831 -4.136765 8.243833 -2.709315 0.000000 11.736784 0.000000 0.000000 -0.000000 0.000000 0.000000 -0.000000 -0.000000 -0.356575 -9.677864 1.512092 23.981354 0.002572 0.511295 -40.514832 2.402458 14.629198 -0.000063 -22.431380 -0.000012 10.544763 11.702498 25.475840 -0.000000 -0.000000 -0.000000 -23.619714 0.000290 -0.862756 43.469735 -6.975033 -14.826183 0.000000 -30.465560 -0.000000 -14.284425 10.359231 -16.299547 0.000000 -0.000000 -0.000000 -6.213418 -16.888869 -3.822460 0.000000 48.828447 0.000000 -1.322790 -2.464241 -12.415534 0.514094 -9.060463 0.311072 -9.738662 14.590308 -7.116164 0.000000 12.746927 -0.000000 5.568219 -12.537408 11.174391 -0.000000 0.000000 -0.000000 
0.018919 0.822205 1.006583 4.926255 -14.024163 3.966766 -4.204643 8.540047 -3.076440 -0.000000 11.889945 0.000000 -0.000000 -0.000000 -0.000000 -0.000000 -0.000000 -0.000000 0.040846 -9.588295 1.499707 24.199684 0.002144 0.315378 -40.608569 2.607393 14.622459 -0.000063 -22.513603 -0.000013 10.560305 11.973556 25.096012 -0.000000 0.000000 -0.000000 -23.488857 0.000356 -1.267640 43.708370 -7.576105 -14.825698 -0.000000 -30.839103 -0.000000 -14.386711 10.073100 -16.187683 -0.000000 -0.000000 -0.000000 -6.200487 -16.774309 -4.099125 0.000000 45.712286 0.000000 -1.550351 -2.748625 -12.313007 0.498575 -9.180824 0.290681 -9.590074 15.724911 -7.152196 -0.000000 12.631050 -0.000000 5.617804 -13.265326 10.946705 -0.000000 0.000000 0.000000 
0.018773 0.820849 1.017509 4.998932 -14.278456 4.311932 -4.328528 8.738924 -3.415663 -0.000000 12.145688 -0.000000 -0.000000 -0.000000 0.000000 -0.000000 0.000000 -0.000000 0.437817 -9.505764 1.507664 24.458876 0.001616 0.160104 -40.753758 2.838293 14.578436 -0.000063 -22.540518 -0.000013 10.464184 11.949804 25.014411 -0.000000 -0.000000 0.000000 -23.387653 0.000409 -1.644252 43.991544 -8.196825 -14.827115 -0.000000 -31.218445 -0.000000 -14.498071 9.815662 -16.104733 -0.000000 -0.000000 -0.000000 -6.230446 -16.570522 -4.352850 -0.000000 42.542470 0.000000 -1.454905 -3.089949 -11.962094 0.485071 -8.958764 0.281590 -9.484270 16.852429 -7.078915 -0.000000 12.545581 -0.000000 5.658295 -14.033573 10.641450 0.000000 0.000000 -0.000000 
0.018736 0.819301 1.028323 5.146168 -14.563638 4.759667 -4.508911 9.070828 -3.819183 0.000000 12.293868 -0.000000 -0.000000 0.000000 -0.000000 -0.000000 0.000000 -0.000000 0.848177 -9.376686 1.468150 24.714410 0.001083 -0.041960 -40.869434 3.006731 14.505244 -0.000063 -22.508397 -0.000013 10.394904 11.904124 25.000357 0.000000 -0.000000 0.000000 -23.259957 0.000477 -2.031596 44.257799 -8.783958 -14.854570 -0.000000 -31.553736 0.000000 -14.515589 9.575174 -16.011682 -0.000000 0.000000 -0.000000 -6.367642 -16.248477 -4.780619 -0.000000 39.301637 0.000000 -1.547413 -3.258681 -11.560430 0.474009 -8.296145 0.287305 -9.421540 18.004805 -7.099430 -0.000000 12.475293 -0.000000 5.696720 -14.790757 10.346724 -0.000000 -0.000000 -0.000000 
0.018724 0.817526 1.039268 5.325143 -14.791535 5.147591 -4.750134 9.227950 -4.162478 -0.000000 12.559586 0.000000 -0.000000 0.000000 -0.000000 -0.000000 0.000000 -0.000000 1.284345 -9.225230 1.488618 24.980070 0.000514 -0.185420 -40.994389 3.196297 14.427318 -0.000063 -22.477837 -0.000013 10.316057 11.829505 24.920478 0.000000 -0.000000 0.000000 -23.123745 0.000551 -2.385147 44.513017 -9.375473 -14.791189 -0.000000 -31.885441 -0.000000 -14.664544 9.258549 -15.911484 -0.000000 0.000000 0.000000 -6.538450 -15.919819 -5.257680 0.000000 35.995108 -0.000000 -1.683698 -3.218296 -11.089315 0.456584 -8.802282 0.253877 -9.397205 19.118591 -7.042865 -0.000000 12.387972 0.000000 5.726860 -15.559440 10.030245 0.000000 0.000000 -0.000000 
0.018705 0.815534 1.050263 5.534567 -15.019703 5.526184 -5.036262 9.389480 -4.468533 0.000000 12.807338 -0.000000 -0.000000 0.000000 0.000000 -0.000000 -0.000000 -0.000000 1.779966 -9.079348 1.528813 25.284484 -0.000154 -0.359172 -41.155588 3.375588 14.312989 -0.000063 -22.452341 -0.000012 10.285324 11.775035 24.867690 0.000000 -0.000000 -0.000000 -22.964250 0.000638 -2.740415 44.748728 -9.951088 -14.748347 0.000000 -32.178920 -0.000000 -14.636821 9.047274 -15.795916 -0.000000 -0.000000 -0.000000 -6.733656 -15.540376 -5.819326 -0.000000 32.717703 -0.000000 -1.571765 -3.286171 -10.454175 0.441945 -8.808635 0.237132 -9.383558 20.220763 -6.853549 -0.000000 12.336940 0.000000 5.725716 -16.366179 9.587209 0.000000 0.000000 -0.000000 
0.018706 0.813364 1.061260 5.762055 -15.196464 5.858595 -5.355796 9.469507 -4.749279 -0.000000 13.066293 -0.000000 -0.000000 -0.000000 0.000000 0.000000 -0.000000 0.000000 2.224667 -8.865403 1.532340 25.593383 -0.000848 -0.513754 -41.333257 3.543511 14.295951 -0.000063 -22.461098 -0.000012 10.240427 11.753226 24.783786 0.000000 -0.000000 -0.000000 -22.840624 0.000708 -3.040310 45.018945 -10.527571 -14.703940 0.000000 -32.468462 0.000000 -14.687069 8.907384 -15.808493 -0.000000 0.000000 0.000000 -6.933608 -15.190676 -6.414556 0.000000 29.529309 0.000000 -1.444861 -3.456872 -9.783934 0.430009 -8.342200 0.236533 -9.386014 21.288083 -6.536879 0.000000 12.254279 0.000000 5.694940 -17.173039 9.046078 -0.000000 0.000000 -0.000000 
0.018717 0.810976 1.072343 6.027040 -15.362978 6.200661 -5.726241 9.539612 -5.034995 -0.000000 13.293198 -0.000000 0.000000 -0.000000 -0.000000 0.000000 -0.000000 -0.000000 2.716524 -8.594617 1.617814 25.904004 -0.001562 -0.715776 -41.500007 3.665666 14.249471 -0.000063 -22.447420 -0.000012 10.267386 11.820280 24.789570 0.000000 -0.000000 -0.000000 -22.672144 0.000804 -3.308311 45.238115 -11.058084 -14.648008 0.000000 -32.768270 -0.000000 -14.712376 8.808821 -15.710291 -0.000000 -0.000000 0.000000 -7.189695 -14.800664 -7.150820 -0.000000 26.349172 -0.000000 -0.939329 -3.480607 -8.913138 0.413731 -8.664496 0.208912 -9.426636 22.347344 -6.307791 0.000000 12.195545 -0.000000 5.667695 -17.991296 8.593329 -0.000000 0.000000 -0.000000 
0.018649 0.809685 1.083716 6.289909 -15.476517 6.504491 -6.114018 9.546589 -5.276196 -0.000000 13.505623 0.000000 -0.000000 -0.000000 0.000000 -0.000000 0.000000 0.000000 3.223379 -8.246117 1.640168 26.247625 -0.002368 -0.956541 -41.715782 3.761977 14.330239 -0.000063 -22.419944 -0.000012 10.254463 11.837219 24.718900 0.000000 -0.000000 0.000000 -22.520188 0.000892 -3.581749 45.472445 -11.535125 -14.618978 -0.000000 -33.060432 -0.000000 -14.672858 8.717731 -15.672485 0.000000 -0.000000 0.000000 -7.414555 -14.406051 -7.952685 -0.000000 23.314956 0.000000 -0.464905 -3.677267 -7.977708 0.400328 -8.483021 0.198590 -9.455036 23.317283 -5.978481 0.000000 12.152191 -0.000000 5.492748 -18.214565 8.015223 0.013676 -0.596089 0.000071 
0.018485 0.808356 1.095352 6.536725 -15.611484 6.850752 -6.477984 9.562144 -5.586266 -0.000000 13.705163 -0.000000 -0.000000 0.000000 -0.000000 0.000000 0.000000 0.000000 3.712397 -7.881185 1.691687 26.566681 -0.003135 -1.072527 -41.886233 3.960632 14.238579 -0.000063 -22.414839 -0.000012 10.375418 11.865996 24.649396 -0.000000 -0.000000 -0.000000 -22.402231 0.000965 -3.808318 45.746896 -11.955926 -14.628835 -0.000000 -33.395845 -0.000000 -14.594573 8.660534 -15.574687 0.000000 0.000000 0.000000 -7.625678 -13.916938 -8.931497 0.000000 20.364722 -0.000000 0.031414 -3.862261 -6.840144 0.386248 -8.431632 0.183760 -9.413321 24.344193 -5.597624 0.000000 12.074058 -0.000000 5.273867 -18.406195 7.311356 0.028191 -1.228594 0.000302 
0.018234 0.806865 1.106816 6.800206 -15.673089 7.100335 -6.898591 9.534979 -5.787917 0.000000 13.864773 -0.000000 -0.000000 0.000000 0.000000 -0.000000 0.000000 0.000000 4.264264 -7.548236 1.784817 26.909369 -0.003973 -1.248169 -42.072873 4.086070 14.183686 -0.000063 -22.385262 -0.000012 10.526709 11.934632 24.474037 0.000000 0.000000 0.000000 -22.249652 0.001057 -3.998190 45.965919 -12.390844 -14.597991 -0.000000 -33.663343 0.000000 -14.424928 8.567386 -15.559624 -0.000000 0.000000 -0.000000 -7.812807 -13.555284 -9.866188 0.000000 17.633025 0.000000 0.416497 -4.027143 -5.710408 0.372622 -8.309607 0.171399 -9.449450 25.316113 -5.396138 -0.000000 11.933922 -0.000000 5.104673 -18.528439 6.893253 0.042891 -1.868874 0.000700 
0.017772 0.805509 1.118503 7.012091 -15.754912 7.359071 -7.264463 9.504380 -6.001142 -0.000000 14.045056 -0.000000 -0.000000 -0.000000 -0.000000 0.000000 -0.000000 -0.000000 4.780067 -7.216089 1.882908 27.258531 -0.004845 -1.372323 -42.252337 4.242494 14.068525 -0.000063 -22.358653 -0.000012 10.674251 11.958459 24.338736 -0.000000 -0.000000 0.000000 -22.048222 0.001178 -4.216535 46.034768 -12.799214 -14.282064 0.000000 -33.792228 0.000000 -14.441778 8.483110 -15.867479 0.000000 0.000000 0.000000 -7.923571 -13.142786 -10.875402 0.000000 15.093326 0.000000 0.818750 -4.210707 -4.500270 0.358288 -8.324338 0.154202 -9.378241 26.276666 -5.032219 -0.000000 11.860990 -0.000000 4.850877 -18.578310 6.249672 0.060598 -2.639436 0.001396 
0.017202 0.803973 1.130173 7.186438 -15.794622 7.617033 -7.587184 9.457782 -6.239660 -0.000000 14.173640 -0.000000 0.000000 0.000000 -0.000000 -0.000000 0.000000 -0.000000 5.265093 -6.874834 1.961039 27.586562 -0.005684 -1.440913 -42.405205 4.463918 13.909280 -0.000063 -22.356877 -0.000012 10.778889 11.938470 24.239240 -0.000000 -0.000000 0.000000 -21.911997 0.001266 -4.369534 46.205730 -13.162781 -14.152138 0.000000 -34.028160 0.000000 -14.403664 8.540234 -15.958861 0.000000 -0.000000 -0.000000 -7.976105 -12.775328 -11.923431 -0.000000 12.758770 -0.000000 1.154488 -4.432209 -3.327545 0.344862 -8.187376 0.142372 -9.242805 27.148457 -4.594396 -0.000000 11.879915 -0.000000 4.564390 -18.684135 5.493665 0.078254 -3.406885 0.002327 
0.016447 0.802415 1.141979 7.319001 -15.866710 7.805237 -7.884878 9.403712 -6.411204 0.000000 14.333734 -0.000000 -0.000000 -0.000000 0.000000 -0.000000 -0.000000 0.000000 5.745282 -6.517579 2.015080 27.926581 -0.006569 -1.533125 -42.549554 4.617887 13.932486 -0.000062 -22.245824 -0.000012 10.527669 11.893825 24.671368 0.000000 -0.000000 0.000000 -21.778136 0.001353 -4.515963 46.358950 -13.491386 -14.018657 0.000000 -34.265209 -0.000000 -14.307923 8.506093 -15.989690 0.000000 -0.000000 -0.000000 -7.938428 -12.404996 -12.833736 -0.000000 10.678828 -0.000000 1.562980 -4.612024 -2.196484 0.331206 -8.101801 0.128716 -9.083948 28.064690 -4.225526 -0.000000 11.870662 -0.000000 4.284859 -18.710461 4.866184 0.097422 -4.238640 0.003605 
0.015512 0.800916 1.153862 7.392039 -15.928322 7.968137 -8.131542 9.351216 -6.574556 0.000000 14.456551 0.000000 0.000000 0.000000 -0.000000 0.000000 0.000000 -0.000000 6.285357 -6.194256 2.126257 28.310896 -0.007580 -1.660539 -42.778758 4.694739 13.983236 -0.000062 -22.128191 -0.000012 10.541925 11.845795 24.588482 -0.000000 -0.000000 0.000000 -21.639787 0.001445 -4.702386 46.494419 -13.685328 -13.858851 -0.000000 -34.507848 -0.000000 -14.176791 8.449941 -16.181009 0.000000 0.000000 0.000000 -7.808718 -12.079076 -13.517491 -0.000000 8.886837 0.000000 2.031870 -4.762413 -1.300554 0.317668 -8.005350 0.115452 -8.845387 28.903347 -3.791179 0.000000 11.977031 -0.000000 3.963102 -18.682174 4.154409 0.119291 -5.185400 0.005402 
0.014512 0.799421 1.165742 7.405482 -15.983579 8.133713 -8.286249 9.331229 -6.774208 -0.000000 14.542820 -0.000000 -0.000000 0.000000 -0.000000 0.000000 0.000000 -0.000000 6.733312 -5.957777 2.248529 28.667360 -0.008542 -1.713204 -42.983601 4.835939 13.852411 -0.000062 -22.063703 -0.000012 10.634825 11.878531 24.677623 -0.000000 0.000000 0.000000 -21.537083 0.001517 -4.804931 46.614935 -13.904476 -13.746807 0.000000 -34.764933 -0.000000 -14.042307 8.447181 -16.259861 0.000000 -0.000000 0.000000 -7.621559 -11.796223 -14.015945 0.000000 7.399741 0.000000 2.657917 -4.839637 -0.560232 0.303895 -7.962084 0.100254 -8.539068 29.678217 -3.477785 0.000000 12.179830 -0.000000 3.654737 -18.616935 3.537850 0.142844 -6.201892 0.007739 
0.013468 0.797954 1.177715 7.362911 -16.064829 8.284164 -8.353987 9.360019 -6.984811 0.000000 14.579799 0.000000 0.000000 0.000000 0.000000 0.000000 -0.000000 0.000000 7.139884 -5.718462 2.338641 29.008588 -0.009483 -1.739205 -43.210453 4.985913 13.759275 -0.000061 -21.922222 -0.000012 10.637018 11.769849 24.717870 0.000000 -0.000000 0.000000 -21.488591 0.001560 -4.922541 46.740922 -14.031202 -13.602145 0.000000 -34.997914 0.000000 -13.890045 8.377914 -16.361184 0.000000 0.000000 0.000000 -7.368873 -11.503295 -14.286857 -0.000000 6.193153 0.000000 3.267249 -4.773221 -0.143855 0.289882 -7.972560 0.083065 -8.183168 30.440843 -3.313043 -0.000000 12.445714 0.000000 3.373197 -18.475453 3.076118 0.168734 -7.314697 0.010785 
0.012413 0.796533 1.189880 7.242112 -16.176218 8.423138 -8.297639 9.425917 -7.249128 -0.000000 14.589834 0.000000 0.000000 0.000000 -0.000000 0.000000 0.000000 -0.000000 7.432018 -5.522301 2.447975 29.289141 -0.010290 -1.715392 -43.420657 5.145541 13.696482 -0.000061 -21.815754 -0.000012 10.684989 11.803963 24.714842 -0.000000 -0.000000 0.000000 -21.488168 0.001574 -4.975495 46.862425 -14.103246 -13.517442 -0.000000 -35.258134 0.000000 -13.731020 8.278266 -16.470862 -0.000000 0.000000 0.000000 -7.059367 -11.213152 -14.450196 -0.000000 5.378585 0.000000 3.876195 -4.774698 0.110310 0.276449 -7.889386 0.069283 -7.735649 31.193408 -3.179055 -0.000000 12.784257 -0.000000 3.090539 -18.263989 2.626291 0.197338 -8.537711 0.014730 
0.011340 0.795208 1.202091 7.058476 -16.263480 8.549113 -8.153341 9.468314 -7.538684 0.000000 14.585890 -0.000000 -0.000000 0.000000 -0.000000 -0.000000 0.000000 -0.000000 7.640988 -5.393481 2.547234 29.534022 -0.011020 -1.722471 -43.635269 5.248261 13.660463 -0.000060 -21.687488 -0.000012 10.668871 11.725441 24.673156 0.000000 -0.000000 -0.000000 -21.496514 0.001583 -4.997171 46.923363 -14.150497 -13.418743 0.000000 -35.489926 -0.000000 -13.637458 8.188172 -16.448975 -0.000000 0.000000 -0.000000 -6.723278 -10.995945 -14.522359 0.000000 4.985405 0.000000 4.332834 -4.762151 0.276458 0.263610 -7.709103 0.059102 -7.219148 31.816363 -3.065145 0.000000 13.299192 -0.000000 2.803804 -17.978492 2.176702 0.229711 -9.912455 0.019920 
0.010310 0.793992 1.214541 6.790680 -16.358132 8.634592 -7.873366 9.476200 -7.829401 -0.000000 14.565203 -0.000000 -0.000000 -0.000000 -0.000000 -0.000000 -0.000000 0.000000 7.780755 -5.260811 2.664537 29.686711 -0.011525 -1.712380 -43.792583 5.350979 13.612520 -0.000060 -21.516240 -0.000011 10.644445 11.852301 24.683563 -0.000000 0.000000 0.000000 -21.567116 0.001555 -5.036457 46.962606 -14.084966 -13.307605 -0.000000 -35.701696 -0.000000 -13.532286 8.051214 -16.452843 -0.000000 -0.000000 -0.000000 -6.341460 -10.833372 -14.569313 -0.000000 5.057970 -0.000000 4.419465 -4.772457 0.416933 0.250523 -7.583742 0.046911 -6.647358 32.442921 -3.109630 0.000000 13.807110 -0.000000 2.555377 -17.551858 1.913750 0.265571 -11.421845 0.026559 
0.009260 0.792845 1.227035 6.478147 -16.434073 8.668645 -7.529679 9.481846 -8.103076 0.000000 14.508299 0.000000 -0.000000 0.000000 0.000000 -0.000000 0.000000 0.000000 7.822280 -5.110640 2.772960 29.807049 -0.011955 -1.709021 -43.944784 5.429027 13.542825 -0.000059 -21.369698 -0.000011 10.622077 11.915743 24.632956 0.000000 0.000000 -0.000000 -21.656464 0.001514 -5.032490 46.963651 -13.977027 -13.212077 -0.000000 -35.903921 -0.000000 -13.394409 7.877351 -16.413182 0.000000 -0.000000 -0.000000 -5.927216 -10.747380 -14.457692 0.000000 5.519638 0.000000 4.002468 -4.719627 0.343715 0.237369 -7.481120 0.033882 -6.064468 32.977572 -3.203431 0.000000 14.420934 -0.000000 2.318394 -16.999234 1.742407 0.305821 -13.096962 0.035106 
0.008236 0.791759 1.239757 6.105147 -16.529645 8.613990 -7.095897 9.444966 -8.321390 0.000000 14.477845 -0.000000 -0.000000 0.000000 0.000000 0.000000 0.000000 0.000000 7.729428 -5.047611 2.824061 29.819385 -0.012107 -1.679468 -44.018076 5.504833 13.479591 -0.000059 -21.196856 -0.000011 10.562803 12.049271 24.578429 -0.000000 0.000000 0.000000 -21.808302 0.001434 -4.938846 46.966911 -13.912552 -13.203383 -0.000000 -36.041870 -0.000000 -13.387104 7.745613 -16.501725 -0.000000 -0.000000 0.000000 -5.458283 -10.691240 -14.251275 0.000000 6.364367 -0.000000 3.339494 -4.731360 0.105255 0.226612 -6.927865 0.037857 -5.481505 33.515271 -3.326902 -0.000000 15.047123 -0.000000 2.096926 -16.281738 1.691252 0.350852 -14.944354 0.046017 
0.007216 0.790777 1.252676 5.680494 -16.560384 8.487244 -6.605145 9.306997 -8.497769 -0.000000 14.413518 -0.000000 -0.000000 0.000000 -0.000000 0.000000 0.000000 -0.000000 7.583778 -4.915889 2.909469 29.810696 -0.012205 -1.681824 -44.119327 5.595947 13.447121 -0.000059 -21.065062 -0.000011 10.562995 12.196894 24.426993 0.000000 0.000000 -0.000000 -21.958857 0.001352 -4.865403 46.879795 -13.693628 -13.113774 0.000000 -36.209718 0.000000 -13.441215 7.717573 -16.462073 0.000000 0.000000 -0.000000 -4.937917 -10.697513 -13.891142 0.000000 7.437434 0.000000 2.572185 -4.602611 -0.388221 0.213282 -6.880117 0.022860 -4.891509 33.909106 -3.384570 0.000000 15.796336 0.000000 1.861859 -15.380585 1.626072 0.402673 -17.031426 0.060293 
0.006075 0.789929 1.265749 5.135111 -16.615951 8.242287 -5.960483 9.135273 -8.613713 0.000000 14.383254 0.000000 -0.000000 0.000000 -0.000000 0.000000 -0.000000 -0.000000 7.294931 -4.791556 2.991022 29.722092 -0.012088 -1.596668 -44.154535 5.743126 13.333613 -0.000058 -20.889521 -0.000011 10.373838 12.214820 24.534715 -0.000000 0.000000 0.000000 -22.220593 0.001199 -4.701534 46.847758 -13.515697 -13.098229 0.000000 -36.293900 -0.000000 -13.457144 7.525674 -16.507506 0.000000 -0.000000 0.000000 -4.270919 -10.697627 -13.428609 -0.000000 8.736940 0.000000 1.815889 -4.296673 -1.090271 0.199507 -6.932095 0.004040 -4.216627 34.235643 -3.269543 -0.000000 16.671745 -0.000000 1.597765 -14.302423 1.464411 0.461769 -19.355654 0.078748 
0.004862 0.789115 1.278975 4.567637 -16.611949 7.931129 -5.307310 8.873619 -8.686307 0.000000 14.339693 -0.000000 0.000000 0.000000 0.000000 0.000000 0.000000 -0.000000 6.955785 -4.709492 3.089501 29.595262 -0.011864 -1.494216 -44.156072 5.921166 13.123077 -0.000058 -20.741008 -0.000011 10.306522 12.218166 24.588147 0.000000 -0.000000 -0.000000 -22.457159 0.001059 -4.530056 46.726963 -13.232265 -12.982999 0.000000 -36.387832 0.000000 -13.547526 7.486432 -16.494766 -0.000000 -0.000000 -0.000000 -3.564925 -10.747267 -12.962193 0.000000 10.097765 0.000000 0.940721 -3.912661 -1.919285 0.186276 -6.888767 -0.011188 -3.578345 34.421638 -3.176594 0.000000 17.671137 0.000000 1.328960 -13.014792 1.392379 0.529270 -21.931468 0.102552 
0.003529 0.788538 1.292466 3.916495 -16.600600 7.552011 -4.556150 8.544222 -8.707156 0.000000 14.312026 0.000000 0.000000 0.000000 -0.000000 0.000000 0.000000 -0.000000 6.535301 -4.577715 3.203027 29.448206 -0.011577 -1.417274 -44.172120 6.086567 13.006886 -0.000057 -20.638309 -0.000010 10.232546 12.405598 24.445492 -0.000000 -0.000000 0.000000 -22.770945 0.000866 -4.314487 46.649653 -12.922012 -12.945211 0.000000 -36.431470 0.000000 -13.726626 7.403628 -16.547605 -0.000000 0.000000 -0.000000 -2.736199 -10.733515 -12.546124 -0.000000 11.217606 -0.000000 -0.106668 -3.269486 -2.674542 0.171428 -7.167690 -0.038888 -2.857560 34.511703 -2.930217 0.000000 18.779517 -0.000000 1.030921 -11.414483 1.186854 0.608844 -24.852077 0.134154 
0.002053 0.788144 1.305938 3.191504 -16.535266 7.109073 -3.731187 8.129467 -8.676752 0.000000 14.273543 -0.000000 -0.000000 -0.000000 -0.000000 -0.000000 0.000000 0.000000 6.033519 -4.349832 3.280967 29.326382 -0.011353 -1.340642 -44.228029 6.252134 12.905617 -0.000057 -20.451644 -0.000010 10.029148 12.251070 24.508680 0.000000 0.000000 -0.000000 -23.167057 0.000616 -4.086208 46.606775 -12.575741 -12.898897 0.000000 -36.399737 -0.000000 -13.830665 7.370752 -16.494510 0.000000 0.000000 0.000000 -1.805359 -10.666940 -12.259246 0.000000 11.865352 0.000000 -1.164115 -1.864933 -3.076911 0.158383 -7.112367 -0.053763 -2.087005 34.388334 -2.625202 -0.000000 20.097432 -0.000000 0.719918 -9.506363 0.954860 0.702869 -28.133097 0.176114 
0.000419 0.787811 1.319318 2.398606 -16.450187 6.618062 -2.822810 7.698835 -8.605325 0.000000 14.245824 0.000000 0.000000 -0.000000 -0.000000 0.000000 -0.000000 -0.000000 5.458100 -4.224536 3.385005 29.195007 -0.011095 -1.196366 -44.272357 6.460191 12.632038 -0.000056 -20.344078 -0.000010 9.971308 12.289895 24.328071 0.000000 0.000000 -0.000000 -23.621858 0.000324 -3.810044 46.595386 -12.238396 -12.837287 0.000000 -36.337384 0.000000 -13.997890 7.365795 -16.376682 0.000000 -0.000000 -0.000000 -0.788549 -10.522536 -11.770954 0.000000 12.263932 0.000000 -1.864144 0.125779 -3.131169 0.147830 -6.583494 -0.050146 -1.247372 34.059459 -2.245037 0.000000 21.664177 -0.000000 0.404849 -7.290389 0.659767 0.814527 -31.783575 0.231902 
-0.001430 0.788559 1.332949 1.582622 -16.245306 6.118937 -1.912255 7.183373 -8.494707 0.000000 14.167192 0.000000 0.000000 -0.000000 0.000000 0.000000 -0.000000 0.000000 4.947548 -4.047939 3.484604 29.123804 -0.011000 -1.152203 -44.391346 6.553056 12.609546 -0.000056 -20.165385 -0.000010 9.832202 12.152960 24.121822 -0.000000 -0.000000 -0.000000 -24.087027 0.000019 -3.499826 46.567399 -11.911420 -12.837818 -0.000000 -36.159280 -0.000000 -14.147903 7.360408 -16.219152 -0.000000 0.000000 0.000000 0.256685 -10.448048 -10.986567 -0.000000 12.840920 0.000000 -2.131019 1.629391 -2.946083 0.134104 -6.687611 -0.071206 -0.327396 33.365567 -1.703689 -0.000000 23.598411 -0.000000 0.235354 -4.891865 0.224374 0.747704 -34.375872 0.124583 
-0.003423 0.789532 1.346574 0.693627 -15.957064 5.571867 -0.916655 6.570164 -8.362446 0.000000 14.089219 0.000000 -0.000000 -0.000000 0.000000 -0.000000 -0.000000 0.000000 4.350197 -3.947902 3.572152 28.989600 -0.010722 -1.017285 -44.450849 6.739619 12.438147 -0.000055 -20.050348 -0.000010 9.755023 12.175069 23.898615 -0.000000 0.000000 0.000000 -24.545263 -0.000288 -3.138017 46.470924 -11.554655 -12.788450 -0.000000 -35.936233 0.000000 -14.317842 7.378175 -16.162639 0.000000 0.000000 -0.000000 1.397960 -10.504587 -9.854392 -0.000000 13.663491 -0.000000 -1.911926 2.370855 -2.877369 0.124703 -5.911352 -0.057610 0.714286 32.343214 -0.944775 0.000000 25.840881 -0.000000 0.105219 -2.100675 -0.450823 0.678876 -36.720467 0.018698 
-0.005603 0.790683 1.360093 -0.257077 -15.690645 5.077316 0.146978 5.971045 -8.274561 -0.000000 14.064394 0.000000 0.000000 0.000000 0.000000 -0.000000 0.000000 -0.000000 3.753810 -3.903242 3.650353 28.762320 -0.010172 -0.874274 -44.403315 6.842804 12.307353 -0.000055 -19.927751 -0.000010 9.659823 12.161840 23.672976 -0.000000 0.000000 -0.000000 -24.904335 -0.000533 -2.802335 46.251635 -11.200512 -12.696857 -0.000000 -35.626603 -0.000000 -14.410676 7.421929 -16.266727 -0.000000 0.000000 -0.000000 2.627317 -10.518260 -8.698863 0.000000 14.476135 0.000000 -1.910454 3.227628 -2.883061 0.110123 -6.234685 -0.087325 1.942002 31.084817 -0.183796 0.000000 28.406671 -0.000000 -0.052548 1.118666 -1.125044 0.611353 -38.730093 -0.081322 
-0.007613 0.791858 1.373230 -1.157344 -15.348014 4.595681 1.169518 5.350006 -8.133773 -0.000000 14.001579 0.000000 0.000000 -0.000000 -0.000000 0.000000 -0.000000 -0.000000 3.226004 -3.829969 3.741460 28.434437 -0.009319 -0.742083 -44.253867 6.901452 12.219963 -0.000055 -19.823517 -0.000010 9.529528 12.136006 23.412612 -0.000000 -0.000000 -0.000000 -25.132803 -0.000695 -2.517474 45.878221 -10.754441 -12.582080 -0.000000 -35.356339 -0.000000 -14.368942 7.662750 -16.323778 -0.000000 0.000000 -0.000000 3.815233 -10.585775 -7.522325 -0.000000 15.279141 0.000000 -1.933807 3.781764 -3.420929 0.101655 -5.217840 -0.063834 3.161199 29.520549 0.673637 -0.000000 31.240192 0.000000 -0.285923 4.620722 -1.688828 0.560197 -39.923392 -0.153653 
-0.009539 0.793099 1.386256 -2.006436 -15.053674 4.161099 2.142173 4.838262 -7.996289 -0.000000 13.907998 0.000000 0.000000 -0.000000 0.000000 -0.000000 -0.000000 -0.000000 2.734272 -3.732406 3.840776 28.014109 -0.008179 -0.617658 -43.998799 6.905686 12.190198 -0.000055 -19.725349 -0.000009 9.429808 12.112069 23.361402 0.000000 0.000000 -0.000000 -25.188471 -0.000741 -2.220381 45.244229 -10.370098 -12.226383 -0.000000 -34.948829 0.000000 -14.459984 8.010414 -16.476721 0.000000 -0.000000 -0.000000 4.933419 -10.515861 -6.521424 0.000000 15.937030 0.000000 -1.927687 4.453624 -4.003447 0.089676 -4.983744 -0.071294 4.329346 27.870890 1.296623 0.000000 34.287917 -0.000000 -0.652610 7.914038 -2.077655 0.573299 -38.659025 -0.126582 
-0.011443 0.794322 1.399008 -2.842916 -14.755397 3.747963 3.105515 4.390436 -7.826955 -0.000000 13.756786 0.000000 0.000000 0.000000 -0.000000 0.000000 0.000000 -0.000000 2.336672 -3.619734 3.941027 27.541186 -0.006863 -0.580988 -43.695848 6.781961 12.263406 -0.000054 -19.659212 -0.000009 9.354027 12.257602 23.217921 -0.000000 -0.000000 0.000000 -25.121225 -0.000704 -1.948087 44.469091 -9.963710 -11.841418 0.000000 -34.468178 0.000000 -14.417536 8.215150 -16.928651 -0.000000 -0.000000 -0.000000 6.027993 -10.378451 -5.688135 -0.000000 16.469570 0.000000 -2.064691 5.028362 -4.608584 0.078849 -4.447890 -0.066586 5.489899 26.093145 1.800645 0.000000 37.513125 -0.000000 -0.954570 10.974803 -2.241621 0.609700 -36.358537 -0.060174 
-0.013355 0.795558 1.411603 -3.650574 -14.527472 3.345314 4.044243 4.096761 -7.652028 -0.000000 13.579447 -0.000000 -0.000000 0.000000 0.000000 -0.000000 0.000000 -0.000000 1.916612 -3.576657 4.020402 27.010604 -0.005350 -0.431628 -43.309113 6.727894 12.183466 -0.000054 -19.698384 -0.000009 9.316417 12.296649 23.217907 -0.000000 0.000000 -0.000000 -25.001174 -0.000630 -1.629917 43.666513 -9.609532 -11.452144 -0.000000 -34.033611 0.000000 -14.382739 8.629247 -17.267252 -0.000000 -0.000000 -0.000000 7.090279 -10.094462 -5.018028 -0.000000 16.916119 0.000000 -2.345771 5.140303 -4.940181 0.068849 -3.609121 -0.049516 6.613538 24.289499 2.198413 0.000000 40.759903 0.000000 -0.895971 14.208954 -2.427586 0.651557 -33.562626 0.020795 
-0.015230 0.796894 1.423984 -4.385937 -14.323614 2.970052 4.891329 3.885233 -7.414893 0.000000 13.356055 0.000000 -0.000000 0.000000 0.000000 -0.000000 0.000000 0.000000 1.624188 -3.420725 4.105719 26.556750 -0.004039 -0.394336 -43.005477 6.533052 12.337564 -0.000055 -19.722250 -0.000009 9.314824 12.386548 23.060660 -0.000000 0.000000 0.000000 -24.823745 -0.000513 -1.402294 42.850608 -9.159057 -11.030399 -0.000000 -33.560493 -0.000000 -14.377944 8.888674 -17.531675 -0.000000 0.000000 0.000000 8.080687 -9.754478 -4.538013 -0.000000 17.418631 0.000000 -2.949942 4.763875 -4.953390 0.057608 -3.094050 -0.045259 7.664491 22.412114 2.542254 0.000000 44.016287 -0.000000 -0.732550 17.398511 -2.520311 0.696037 -30.252673 0.114759 
-0.017175 0.798375 1.436193 -5.099335 -14.208020 2.611351 5.704951 3.829353 -7.189064 -0.000000 13.156521 0.000000 -0.000000 -0.000000 0.000000 0.000000 -0.000000 -0.000000 1.413137 -3.478425 4.170394 26.145121 -0.002832 -0.210698 -42.712864 6.407008 12.298958 -0.000055 -19.825836 -0.000010 9.257145 12.418825 23.013391 0.000000 0.000000 0.000000 -24.663369 -0.000407 -1.129350 42.120270 -8.809282 -10.676608 -0.000000 -33.091877 -0.000000 -14.249735 9.384188 -17.738461 0.000000 -0.000000 -0.000000 9.032425 -9.221963 -4.153494 0.000000 17.769740 0.000000 -3.422291 4.198577 -5.007786 0.046886 -2.293476 -0.029249 8.691567 20.527674 2.785857 0.000000 47.227428 -0.000000 -0.749454 20.601947 -2.373066 0.737348 -26.603931 0.214218 
-0.019058 0.800045 1.448279 -5.787392 -14.167888 2.249620 6.497981 3.904134 -6.904167 0.000000 12.931180 0.000000 0.000000 -0.000000 0.000000 0.000000 -0.000000 0.000000 1.235201 -3.547262 4.197786 25.849397 -0.001956 -0.132296 -42.568064 6.145369 12.384560 -0.000055 -19.974980 -0.000010 9.247998 12.418668 22.772537 -0.000000 -0.000000 0.000000 -24.551317 -0.000333 -0.930393 41.492311 -8.441279 -10.416068 0.000000 -32.563794 -0.000000 -14.107006 9.613458 -17.747690 -0.000000 0.000000 -0.000000 9.948420 -8.509291 -3.855727 -0.000000 17.940184 0.000000 -3.815331 3.600333 -5.142241 0.035827 -1.466261 -0.011883 9.647334 18.682702 2.957768 0.000000 50.309936 -0.000000 -1.024139 23.585832 -1.883134 0.770720 -22.878862 0.310826 
-0.020944 0.801915 1.460261 -6.457584 -14.209692 1.977975 7.268429 4.094712 -6.684042 -0.000000 12.725553 0.000000 -0.000000 0.000000 -0.000000 -0.000000 0.000000 0.000000 1.092045 -3.681793 4.189388 25.611400 -0.001242 -0.015531 -42.471778 5.884961 12.349702 -0.000056 -20.151686 -0.000010 9.264562 12.269900 22.657939 0.000000 0.000000 -0.000000 -24.467173 -0.000278 -0.759733 40.946681 -8.088970 -10.191839 -0.000000 -32.046526 0.000000 -13.886320 9.978423 -17.666530 -0.000000 -0.000000 0.000000 10.836611 -7.581985 -3.718748 0.000000 17.856301 0.000000 -4.258456 3.013860 -5.207336 0.023925 -1.031393 -0.010293 10.590143 16.890342 2.947214 -0.000000 53.290190 -0.000000 -1.268200 25.789745 -1.280287 0.794128 -19.321047 0.398528 
-0.022492 0.803427 1.471531 -7.051114 -14.192163 1.696095 7.971923 4.266070 -6.411915 0.000000 12.538675 0.000000 -0.000000 -0.000000 0.000000 -0.000000 0.000000 0.000000 0.971159 -3.937584 4.102615 25.401362 -0.000602 0.126183 -42.428163 5.591519 12.351104 -0.000057 -20.391397 -0.000010 9.226695 12.136904 22.481612 -0.000000 0.000000 0.000000 -24.420736 -0.000249 -0.567647 40.470952 -7.798597 -10.107827 -0.000000 -31.487871 -0.000000 -13.712938 10.212726 -17.427917 0.000000 -0.000000 -0.000000 11.619918 -6.685250 -3.628645 -0.000000 17.651451 -0.000000 -4.769897 2.488543 -5.155415 0.012083 -0.446987 -0.002407 11.356183 15.064596 3.009030 -0.000000 56.112406 -0.000000 -1.079494 26.495137 -0.503657 0.798233 -17.213202 0.442375 
-0.023637 0.805118 1.482721 -7.527442 -14.226542 1.459739 8.576186 4.491351 -6.102729 -0.000000 12.363292 -0.000000 0.000000 0.000000 0.000000 0.000000 0.000000 0.000000 0.850840 -4.175479 4.057168 25.267417 -0.000189 0.202617 -42.502120 5.210783 12.433149 -0.000057 -20.612918 -0.000010 9.168256 11.974726 22.181460 -0.000000 0.000000 -0.000000 -24.420444 -0.000254 -0.502249 40.085165 -7.438366 -10.058727 -0.000000 -30.925999 -0.000000 -13.543439 10.363940 -17.065391 -0.000000 -0.000000 0.000000 12.213831 -5.655603 -3.829120 0.000000 17.289782 0.000000 -5.248897 2.000047 -4.904896 -0.000000 0.000000 -0.000000 11.947731 13.304890 3.059445 -0.000000 58.783539 -0.000000 -0.880788 25.533082 0.583339 0.780607 -17.403032 0.420037 
-0.024824 0.807066 1.494181 -7.958536 -14.282989 1.293724 9.098688 4.609558 -5.826623 -0.000000 12.340209 -0.000000 0.000000 0.000000 0.000000 0.000000 -0.000000 0.000000 0.765639 -4.388830 3.924799 25.187560 0.000060 0.285981 -42.618873 4.823335 12.441468 -0.000058 -20.889217 -0.000011 9.243210 11.789037 21.810049 0.000000 -0.000000 0.000000 -24.434054 -0.000269 -0.388344 39.785574 -7.158999 -10.168776 0.000000 -30.343349 -0.000000 -13.461957 10.505913 -16.646607 -0.000000 0.000000 0.000000 12.736060 -4.447365 -4.149677 -0.000000 16.690632 0.000000 -5.385814 1.414509 -4.601682 0.000000 0.000000 -0.000000 12.480532 11.580260 3.040034 0.000000 61.241460 0.000000 -0.624137 23.414422 1.793650 0.775001 -16.255296 0.436574 
-0.025766 0.808956 1.505084 -8.260451 -14.282671 1.289427 9.496252 4.751589 -5.607742 -0.000000 12.223865 -0.000000 0.000000 -0.000000 0.000000 0.000000 -0.000000 0.000000 0.754987 -4.574569 3.765742 25.146836 0.000189 0.337420 -42.749301 4.420196 12.503965 -0.000059 -21.148802 -0.000011 9.071850 11.483421 21.786623 -0.000000 0.000000 0.000000 -24.429169 -0.000270 -0.374775 39.537233 -6.791003 -10.282040 -0.000000 -29.808794 -0.000000 -13.474986 10.714432 -16.373463 0.000000 0.000000 0.000000 13.094216 -3.342754 -4.691764 0.000000 16.087083 0.000000 -5.513009 0.847170 -4.188495 -0.000000 0.000000 -0.000000 12.859764 9.649051 2.928089 -0.000000 63.488137 -0.000000 -0.194788 21.340312 3.019065 0.767902 -15.228094 0.449830 
-0.026548 0.810923 1.515934 -8.447779 -14.268340 1.340248 9.762888 4.831662 -5.391233 0.000000 12.184482 0.000000 -0.000000 0.000000 -0.000000 -0.000000 0.000000 -0.000000 0.742297 -4.791866 3.604968 25.146615 0.000191 0.355384 -42.912070 3.926973 12.594613 -0.000060 -21.389564 -0.000011 8.902559 11.222309 21.818616 0.000000 -0.000000 -0.000000 -24.428560 -0.000274 -0.335958 39.333204 -6.476523 -10.405650 0.000000 -29.304261 0.000000 -13.540804 11.003210 -16.256397 -0.000000 0.000000 -0.000000 13.344430 -2.208126 -5.239556 0.000000 15.387200 0.000000 -5.614625 0.328764 -3.785351 0.000000 -0.000000 -0.000000 13.088199 7.701095 2.802806 -0.000000 65.358580 -0.000000 0.258988 19.853954 4.243326 0.753176 -15.121887 0.436525 
-0.027303 0.812891 1.526906 -8.542787 -14.265137 1.465708 9.903506 4.886043 -5.180763 -0.000000 12.158975 -0.000000 -0.000000 0.000000 -0.000000 -0.000000 0.000000 -0.000000 0.843430 -4.954682 3.399472 25.217578 -0.000038 0.377124 -43.126697 3.463941 12.607554 -0.000061 -21.702618 -0.000012 8.855293 11.059885 21.559213 0.000000 0.000000 -0.000000 -24.382789 -0.000245 -0.338023 39.154816 -6.106727 -10.555331 -0.000000 -28.799346 -0.000000 -13.671758 11.255974 -16.242555 0.000000 -0.000000 -0.000000 13.515667 -1.038212 -5.848336 0.000000 14.645046 0.000000 -5.703467 -0.184382 -3.373595 -0.000000 0.000000 -0.000000 13.214293 5.786911 2.625871 -0.000000 66.895853 -0.000000 0.686584 18.438404 5.490853 0.740866 -14.722310 0.431861 
-0.027909 0.814797 1.537581 -8.517851 -14.174874 1.516952 9.887022 4.841002 -4.840880 0.000000 12.193450 0.000000 -0.000000 0.000000 -0.000000 -0.000000 0.000000 0.000000 0.956197 -5.102687 3.227127 25.315129 -0.000356 0.403981 -43.338025 2.973425 12.561386 -0.000061 -22.007838 -0.000012 8.839651 10.905773 21.488106 0.000000 0.000000 0.000000 -24.320448 -0.000202 -0.366539 39.009282 -5.719481 -10.704706 -0.000000 -28.336505 0.000000 -13.759869 11.481582 -16.501094 0.000000 0.000000 -0.000000 13.582188 0.020440 -6.224409 0.000000 13.940670 0.000000 -5.760613 -0.672434 -3.070634 -0.000000 0.000000 -0.000000 13.172916 3.825048 2.558586 0.000000 68.136546 -0.000000 1.099963 16.992761 6.754400 0.730295 -14.100091 0.433899 
-0.028327 0.816659 1.548182 -8.391022 -14.093643 1.599802 9.761871 4.838576 -4.497059 -0.000000 12.203321 -0.000000 -0.000000 0.000000 -0.000000 -0.000000 0.000000 -0.000000 1.083731 -5.266290 2.990490 25.417373 -0.000696 0.418709 -43.550235 2.442735 12.532900 -0.000062 -22.281307 -0.000012 8.805200 10.692727 21.344845 -0.000000 0.000000 0.000000 -24.227196 -0.000135 -0.402248 38.870140 -5.318854 -10.841551 0.000000 -27.933680 0.000000 -13.977870 11.835933 -16.917226 -0.000000 0.000000 -0.000000 13.521159 1.063587 -6.784662 -0.000000 13.283862 0.000000 -5.814060 -1.197387 -2.593226 -0.000000 0.000000 -0.000000 12.998114 1.924789 2.488014 -0.000000 69.053542 -0.000000 1.672641 15.628189 7.790801 0.716585 -13.884499 0.424068 
-0.028791 0.818590 1.558977 -8.200713 -14.043288 1.669666 9.533738 4.830307 -4.115328 -0.000000 12.256715 -0.000000 -0.000000 0.000000 -0.000000 -0.000000 0.000000 -0.000000 1.280823 -5.442927 2.785755 25.519663 -0.001040 0.420589 -43.713221 1.900676 12.496643 -0.000063 -22.580426 -0.000013 8.740954 10.580350 21.247144 -0.000000 -0.000000 -0.000000 -24.057265 -0.000007 -0.391517 38.695165 -4.945273 -10.997377 0.000000 -27.513087 0.000000 -14.140914 12.114542 -17.408128 0.000000 -0.000000 -0.000000 13.451820 2.242268 -7.059856 0.000000 12.444022 -0.000000 -5.834620 -1.614986 -2.374276 0.000000 -0.000000 -0.000000 12.729173 0.170061 2.397242 -0.000000 69.638659 -0.000000 2.219995 14.182860 8.734093 0.701660 -13.835292 0.409310 
-0.028930 0.820398 1.569749 -7.920131 -14.039278 1.724225 9.223935 4.873206 -3.739766 -0.000000 12.328616 -0.000000 -0.000000 0.000000 -0.000000 -0.000000 -0.000000 -0.000000 1.446396 -5.552959 2.608006 25.599444 -0.001315 0.453538 -43.873539 1.338914 12.428979 -0.000064 -22.856568 -0.000013 8.723048 10.476617 21.209913 -0.000000 0.000000 -0.000000 -23.890435 0.000120 -0.403557 38.537517 -4.545414 -11.114841 0.000000 -27.136955 0.000000 -14.380057 12.447855 -18.010474 -0.000000 0.000000 -0.000000 13.237939 3.431649 -7.648997 -0.000000 11.696131 0.000000 -5.850723 -2.106540 -1.816489 -0.000000 -0.000000 -0.000000 12.332074 -1.455713 2.324925 0.000000 69.914246 -0.000000 2.690512 12.629127 9.737744 0.687687 -13.669005 0.398068 
-0.029056 0.822098 1.580207 -7.618801 -13.897087 1.593345 8.871884 4.826451 -3.159847 -0.000000 12.357167 0.000000 -0.000000 0.000000 -0.000000 -0.000000 0.000000 0.000000 1.563248 -5.624280 2.392808 25.677234 -0.001587 0.497899 -44.038172 0.799330 12.410341 -0.000065 -23.120735 -0.000013 8.682620 10.410451 21.079822 0.000000 -0.000000 0.000000 -23.750197 0.000228 -0.395368 38.468085 -4.085682 -11.406694 0.000000 -26.850212 0.000000 -14.558117 12.739680 -18.423123 -0.000000 0.000000 0.000000 13.021637 4.492501 -7.688130 0.000000 10.922932 -0.000000 -5.836073 -2.505987 -1.587806 -0.000000 0.000000 0.000000 11.899589 -3.104068 2.445963 -0.000000 69.884619 -0.000000 3.274081 11.208215 10.562308 0.671600 -13.785133 0.378255 
-0.029062 0.823683 1.590914 -7.274835 -13.857200 1.432679 8.473721 4.880080 -2.582408 0.000000 12.384913 0.000000 0.000000 0.000000 -0.000000 0.000000 0.000000 -0.000000 1.726184 -5.678460 2.271324 25.696628 -0.001666 0.533557 -44.139075 0.220365 12.430420 -0.000066 -23.358239 -0.000014 8.636020 10.265864 20.976139 0.000000 0.000000 -0.000000 -23.526684 0.000404 -0.361660 38.267132 -3.681699 -11.485852 0.000000 -26.444664 -0.000000 -14.766400 13.016976 -18.905574 0.000000 -0.000000 -0.000000 12.725665 5.671493 -8.023119 0.000000 10.164805 -0.000000 -5.819021 -2.957505 -1.047462 -0.000000 0.000000 -0.000000 11.399845 -4.541396 2.536681 -0.000000 69.563773 0.000000 3.745283 9.780972 11.423598 0.655045 -13.963723 0.356400 
-0.029030 0.825138 1.601680 -6.909267 -13.853906 1.177724 8.040927 4.985865 -1.945286 -0.000000 12.420040 -0.000000 -0.000000 0.000000 -0.000000 -0.000000 0.000000 0.000000 1.804770 -5.715571 2.114176 25.681694 -0.001629 0.621297 -44.192419 -0.323707 12.393576 -0.000066 -23.568279 -0.000014 8.615894 10.075287 20.996737 0.000000 -0.000000 0.000000 -23.317968 0.000571 -0.283614 38.133388 -3.277159 -11.684637 0.000000 -26.110683 -0.000000 -14.989704 13.252371 -19.301991 -0.000000 -0.000000 0.000000 12.401739 6.883230 -8.162867 0.000000 9.434763 -0.000000 -5.782999 -3.404333 -0.613143 0.000000 0.000000 -0.000000 10.876490 -5.821168 2.691696 0.000000 68.973489 0.000000 4.170410 8.335450 12.198755 0.641076 -13.820569 0.344401 
-0.028805 0.826500 1.612390 -6.489893 -13.818950 0.909825 7.560524 5.087612 -1.291184 -0.000000 12.402125 -0.000000 0.000000 0.000000 0.000000 -0.000000 -0.000000 0.000000 1.847606 -5.716413 1.949552 25.636670 -0.001487 0.724814 -44.217225 -0.849182 12.280054 -0.000067 -23.788170 -0.000014 8.676305 9.973576 21.005757 -0.000000 -0.000000 0.000000 -23.120437 0.000731 -0.202475 38.040114 -2.816146 -11.937849 0.000000 -25.848248 -0.000000 -15.119437 13.425761 -19.398049 0.000000 0.000000 0.000000 11.999790 8.055710 -8.257617 0.000000 8.714590 0.000000 -5.721994 -3.846747 -0.186688 -0.000000 0.000000 -0.000000 10.280540 -7.056795 2.860699 0.000000 68.094016 -0.000000 4.550138 7.148022 12.930617 0.624264 -14.039970 0.321061 
-0.028718 0.827627 1.623249 -6.112729 -13.878862 0.555815 7.101771 5.314940 -0.614704 -0.000000 12.354151 -0.000000 -0.000000 -0.000000 0.000000 -0.000000 -0.000000 -0.000000 1.888138 -5.699381 1.842792 25.571226 -0.001273 0.863411 -44.241611 -1.361431 12.228911 -0.000068 -24.018314 -0.000014 8.842431 9.965583 20.983720 0.000000 0.000000 -0.000000 -22.937897 0.000882 -0.067870 37.993833 -2.361534 -12.183416 -0.000000 -25.687728 0.000000 -15.417895 13.783912 -19.249567 -0.000000 0.000000 0.000000 11.618344 9.331045 -8.498350 0.000000 7.999390 0.000000 -5.658453 -4.312193 0.441660 0.000000 0.000000 -0.000000 9.742904 -8.088452 3.045888 0.000000 66.996201 -0.000000 4.954224 5.944810 13.558517 0.609443 -14.016824 0.305228 
-0.028470 0.828644 1.634053 -5.693177 -13.882205 0.158938 6.601746 5.495287 0.104661 0.000000 12.265992 -0.000000 -0.000000 0.000000 -0.000000 0.000000 0.000000 -0.000000 1.901415 -5.615769 1.738629 25.481953 -0.000972 0.987345 -44.237609 -1.849491 12.223035 -0.000068 -24.250424 -0.000015 8.898511 9.905542 21.060629 -0.000000 -0.000000 -0.000000 -22.757837 0.001032 0.074666 37.959468 -1.867714 -12.539215 -0.000000 -25.465813 0.000000 -15.414433 13.889389 -19.337694 -0.000000 -0.000000 0.000000 11.181708 10.523657 -8.323533 -0.000000 7.325777 0.000000 -5.573700 -4.752824 0.721483 -0.000000 0.000000 -0.000000 9.164237 -9.113823 3.260473 0.000000 65.669371 0.000000 5.217329 4.961625 14.090855 0.596943 -13.714681 0.298256 
-0.028285 0.829390 1.644682 -5.329567 -13.875238 -0.323151 6.155544 5.688343 0.856818 0.000000 12.188018 -0.000000 -0.000000 0.000000 0.000000 0.000000 0.000000 0.000000 1.858747 -5.629309 1.676748 25.360353 -0.000552 1.175866 -44.232466 -2.341278 12.179047 -0.000069 -24.498723 -0.000015 9.047986 9.860752 21.122318 0.000000 -0.000000 0.000000 -22.605393 0.001163 0.236446 37.962554 -1.380913 -12.840883 0.000000 -25.325801 0.000000 -15.510394 14.073365 -19.170250 0.000000 -0.000000 0.000000 10.770579 11.634244 -7.965413 0.000000 6.765593 -0.000000 -5.491658 -5.217581 0.890902 -0.000000 0.000000 -0.000000 8.663014 -10.066281 3.502187 0.000000 64.132177 -0.000000 5.248589 4.110941 14.560653 0.580160 -13.946708 0.274227 
-0.027941 0.829966 1.655371 -4.965438 -13.899747 -0.743636 5.724895 5.918867 1.503587 0.000000 12.085148 -0.000000 0.000000 0.000000 -0.000000 0.000000 0.000000 -0.000000 1.784282 -5.618861 1.622682 25.221096 -0.000064 1.380482 -44.241570 -2.829633 12.197795 -0.000070 -24.729312 -0.000015 9.228360 9.849651 21.098457 0.000000 0.000000 0.000000 -22.499495 0.001256 0.437756 38.001117 -0.911835 -13.096236 -0.000000 -25.207647 -0.000000 -15.607573 14.229286 -18.979093 0.000000 -0.000000 0.000000 10.339150 12.732549 -7.636854 0.000000 6.279938 -0.000000 -5.393620 -5.726230 1.026835 -0.000000 0.000000 0.000000 8.149469 -10.931958 3.673804 -0.000000 62.435710 -0.000000 5.151332 3.166727 14.988969 0.569536 -13.428625 0.274316 
-0.027641 0.830293 1.666004 -4.660424 -13.950561 -1.280761 5.351906 6.231689 2.204514 -0.000000 11.944142 0.000000 -0.000000 0.000000 -0.000000 -0.000000 0.000000 -0.000000 1.625440 -5.652876 1.605360 25.059526 0.000511 1.635910 -44.251414 -3.280203 12.145582 -0.000071 -25.010645 -0.000016 9.427369 9.874842 21.206747 0.000000 0.000000 -0.000000 -22.456549 0.001298 0.681613 38.095845 -0.458289 -13.369054 -0.000000 -25.102610 -0.000000 -15.574577 14.264395 -18.757406 -0.000000 -0.000000 -0.000000 9.918825 13.767944 -7.138586 0.000000 5.966419 0.000000 -5.300975 -6.299008 1.091163 0.000000 0.000000 -0.000000 7.739306 -11.656595 3.958878 -0.000000 60.511764 0.000000 5.090644 2.492054 15.308038 0.555962 -13.280104 0.262561 
-0.027313 0.830403 1.676699 -4.423472 -14.017595 -1.837400 5.065197 6.557497 2.880689 -0.000000 11.819621 0.000000 -0.000000 -0.000000 -0.000000 -0.000000 -0.000000 -0.000000 1.394204 -5.717468 1.604493 24.867692 0.001203 1.880412 -44.271216 -3.753983 12.140507 -0.000072 -25.297456 -0.000016 9.605450 9.865240 21.216907 -0.000000 0.000000 0.000000 -22.469351 0.001294 0.908340 38.216124 0.012700 -13.515291 -0.000000 -25.017132 -0.000000 -15.614020 14.323706 -18.661634 0.000000 -0.000000 0.000000 9.542006 14.805357 -6.568170 -0.000000 5.677340 0.000000 -5.207733 -6.880468 1.089461 -0.000000 0.000000 0.000000 7.397782 -12.279040 4.225393 0.000000 58.411243 -0.000000 4.890114 1.933749 15.638360 0.541708 -13.224337 0.247794 
-0.026986 0.830257 1.687134 -4.223022 -14.000611 -2.384354 4.821404 6.792755 3.503511 -0.000000 11.717941 -0.000000 -0.000000 0.000000 -0.000000 -0.000000 0.000000 0.000000 1.131032 -5.828096 1.619030 24.679179 0.001894 2.179805 -44.323302 -4.224231 12.160779 -0.000073 -25.550366 -0.000016 9.738788 9.795501 21.453290 0.000000 0.000000 0.000000 -22.544849 0.001236 1.184022 38.383521 0.430508 -13.637113 0.000000 -24.954820 0.000000 -15.539994 14.406623 -18.695076 -0.000000 -0.000000 -0.000000 9.171224 15.622183 -6.001363 0.000000 5.617077 -0.000000 -5.116392 -7.560467 1.087975 0.000000 0.000000 -0.000000 7.136825 -12.945274 4.549320 -0.000000 56.180000 0.000000 4.990923 1.426058 15.804152 0.529701 -12.892557 0.242111 
-0.026585 0.829917 1.697694 -4.069918 -14.050556 -2.950803 4.638926 7.121424 4.099875 0.000000 11.598508 -0.000000 -0.000000 -0.000000 -0.000000 -0.000000 0.000000 -0.000000 0.812446 -5.981222 1.683238 24.494341 0.002580 2.509323 -44.415866 -4.658400 12.096017 -0.000074 -25.905369 -0.000017 10.003394 9.916962 21.306781 -0.000000 0.000000 -0.000000 -22.688947 0.001119 1.462641 38.592290 0.861787 -13.623801 0.000000 -24.918700 -0.000000 -15.562520 14.444356 -18.729244 0.000000 -0.000000 0.000000 8.814544 16.471412 -5.464026 -0.000000 5.636877 0.000000 -5.014929 -8.291279 1.119914 0.000000 0.000000 -0.000000 6.918757 -13.453663 4.868149 0.000000 53.793021 -0.000000 4.844112 0.930879 16.000463 0.518016 -12.521982 0.237811 
-0.026226 0.829389 1.708542 -3.946281 -14.156569 -3.494020 4.486258 7.407274 4.644678 -0.000000 11.619682 -0.000000 -0.000000 0.000000 -0.000000 0.000000 -0.000000 -0.000000 0.480635 -6.214143 1.720192 24.308769 0.003279 2.854034 -44.510607 -5.092527 12.131408 -0.000075 -26.141724 -0.000017 9.970800 9.626413 21.791127 0.000000 0.000000 0.000000 -22.879438 0.000961 1.706983 38.843147 1.293520 -13.495770 -0.000000 -24.921508 0.000000 -15.525905 14.531547 -18.937963 0.000000 -0.000000 0.000000 8.475120 17.449340 -5.144319 -0.000000 5.542736 -0.000000 -4.891771 -9.005129 1.342280 0.000000 0.000000 -0.000000 6.739165 -13.797889 5.188361 -0.000000 51.250013 -0.000000 4.670749 0.474011 16.241019 0.505438 -12.271282 0.229632 
-0.025773 0.828590 1.719314 -3.863735 -14.263739 -3.983398 4.404965 7.727426 5.107604 0.000000 11.594600 -0.000000 -0.000000 0.000000 -0.000000 -0.000000 0.000000 -0.000000 0.094707 -6.466130 1.800651 24.122423 0.003990 3.204259 -44.649381 -5.537467 12.162343 -0.000075 -26.390609 -0.000018 10.064431 9.447664 21.929608 0.000000 0.000000 -0.000000 -23.152051 0.000729 1.969787 39.154401 1.662686 -13.515553 0.000000 -24.838991 0.000000 -15.337325 14.543963 -18.965425 0.000000 -0.000000 -0.000000 8.161372 18.346142 -4.919468 0.000000 5.596088 -0.000000 -4.751541 -9.796696 1.601910 -0.000000 0.000000 -0.000000 6.568250 -14.087487 5.438191 -0.000000 48.584800 -0.000000 4.519944 0.046931 16.462615 0.496791 -11.487973 0.239320 
-0.025307 0.827961 1.730499 -3.796656 -14.388717 -4.427217 4.340342 7.968025 5.510215 -0.000000 11.678794 -0.000000 0.000000 0.000000 0.000000 -0.000000 0.000000 0.000000 -0.300616 -6.749310 1.854427 23.962959 0.004612 3.496792 -44.815489 -6.034102 12.205524 -0.000076 -26.660372 -0.000018 10.251166 9.381934 21.993859 0.000000 0.000000 0.000000 -23.422652 0.000495 2.232905 39.457927 2.058822 -13.400270 -0.000000 -24.819933 -0.000000 -15.241755 14.501144 -19.066985 0.000000 -0.000000 0.000000 7.856289 19.289186 -4.835142 0.000000 5.615737 0.000000 -4.597548 -10.414242 1.959361 0.004237 -0.184692 0.000007 6.395791 -14.256432 5.657077 -0.000000 45.779045 -0.000000 4.562211 -0.210310 16.621998 0.485662 -11.033610 0.238205 
-0.024926 0.827094 1.741321 -3.799279 -14.488117 -4.898137 4.348697 8.234194 5.910790 -0.000000 11.775536 -0.000000 0.000000 -0.000000 -0.000000 0.000000 -0.000000 -0.000000 -0.739714 -7.142785 1.921761 23.814122 0.005201 3.819322 -45.021520 -6.544731 12.219182 -0.000077 -26.941002 -0.000019 10.353932 9.281191 22.028543 -0.000000 0.000000 -0.000000 -23.733351 0.000223 2.457006 39.793776 2.426258 -13.270952 -0.000000 -24.804418 0.000000 -15.141440 14.445534 -19.028071 -0.000000 -0.000000 -0.000000 7.613139 20.132870 -4.539006 0.000000 5.734884 -0.000000 -4.473434 -11.038449 2.118317 0.008463 -0.368865 0.000027 6.308091 -14.405811 5.892601 -0.000000 42.897837 -0.000000 4.557686 -0.451783 16.647211 0.474950 -10.512009 0.239489 
-0.024629 0.826053 1.752184 -3.842836 -14.563180 -5.349487 4.397288 8.470448 6.281905 -0.000000 11.860202 -0.000000 -0.000000 0.000000 0.000000 -0.000000 0.000000 0.000000 -1.163388 -7.477158 1.959009 23.692514 0.005695 4.166841 -45.259159 -7.010073 12.218731 -0.000078 -27.199230 -0.000019 10.411715 9.135616 21.987224 0.000000 0.000000 -0.000000 -24.076783 -0.000081 2.710961 40.135258 2.735669 -13.020715 -0.000000 -24.746501 -0.000000 -15.160878 14.531115 -19.054629 0.000000 -0.000000 -0.000000 7.413982 20.929233 -4.216464 0.000000 5.903415 0.000000 -4.362457 -11.647245 2.224219 0.013612 -0.593276 0.000070 6.271175 -14.505760 6.127901 -0.000000 39.926211 -0.000000 4.447795 -0.695171 16.578672 0.464531 -9.933872 0.242837 
-0.024350 0.824950 1.763235 -3.922855 -14.648470 -5.746740 4.503595 8.650216 6.568338 -0.000000 12.048779 -0.000000 -0.000000 0.000000 -0.000000 -0.000000 0.000000 -0.000000 -1.662135 -7.876451 1.976354 23.570410 0.006198 4.532878 -45.499661 -7.463601 12.135302 -0.000079 -27.461174 -0.000019 10.517837 9.051217 22.022790 -0.000000 0.000000 0.000000 -24.420597 -0.000391 2.917497 40.465640 3.034131 -12.769696 -0.000000 -24.591969 0.000000 -15.110237 14.289574 -19.005263 -0.000000 -0.000000 -0.000000 7.285915 21.836839 -3.637377 -0.000000 5.882697 0.000000 -4.304915 -12.078281 2.001713 0.020427 -0.890304 0.000159 6.252362 -14.536531 6.362433 0.000000 36.935003 -0.000000 4.424124 -1.025526 16.457897 0.451562 -9.755701 0.232788 
-0.024063 0.823537 1.774433 -3.990373 -14.705718 -6.108389 4.592244 8.762578 6.849492 -0.000000 12.245546 -0.000000 -0.000000 -0.000000 -0.000000 -0.000000 -0.000000 -0.000000 -2.103328 -8.265041 2.029453 23.476164 0.006600 4.817266 -45.762857 -7.942948 12.209571 -0.000080 -27.698774 -0.000020 10.454815 8.816277 21.946435 -0.000000 -0.000000 0.000000 -24.780074 -0.000718 3.117456 40.844935 3.368123 -12.624963 -0.000000 -24.588530 0.000000 -15.019516 14.385224 -18.874375 0.000000 -0.000000 -0.000000 7.131294 22.670872 -3.287495 -0.000000 5.986210 -0.000000 -4.211668 -12.651704 1.988529 0.026256 -1.144284 0.000262 6.214528 -14.529868 6.565239 0.000000 33.885855 0.000000 4.275128 -1.434845 16.196005 0.440652 -9.247002 0.234060 
-0.023817 0.821778 1.785693 -4.093482 -14.778127 -6.455566 4.731058 8.870794 7.127693 -0.000000 12.482774 -0.000000 -0.000000 0.000000 -0.000000 -0.000000 0.000000 0.000000 -2.571265 -8.660067 2.009827 23.366367 0.007067 5.091910 -45.998542 -8.432737 12.115607 -0.000081 -27.901015 -0.000020 10.488810 8.682572 21.919066 0.000000 0.000000 0.000000 -25.113647 -0.001027 3.302454 41.173424 3.625995 -12.461073 0.000000 -24.473631 -0.000000 -14.994352 14.368084 -18.758539 0.000000 -0.000000 0.000000 7.017318 23.499226 -2.837754 -0.000000 6.156661 0.000000 -4.141668 -13.303594 1.844775 0.031147 -1.357355 0.000369 6.214592 -14.463549 6.819474 -0.000000 30.865673 -0.000000 4.104618 -1.946647 15.826613 0.427975 -9.032445 0.225401 
-0.023658 0.816410 1.796227 -4.204598 -14.826598 -6.725515 4.886326 8.927122 7.321838 -0.000000 12.742870 0.000000 -0.000000 0.000000 -0.000000 0.000000 0.000000 0.000000 -3.035933 -9.047724 1.977346 23.274706 0.007469 5.362111 -46.253848 -8.886147 12.051303 -0.000081 -28.137368 -0.000020 10.453821 8.571488 21.953200 0.000000 0.000000 0.000000 -25.458621 -0.001350 3.481356 41.519382 3.876000 -12.303918 -0.000000 -24.345884 0.000000 -14.996801 14.392441 -18.715574 0.000000 -0.000000 -0.000000 6.946460 24.410982 -2.493440 0.000000 6.285651 0.000000 -3.988877 -15.600864 1.742088 0.000000 -0.000000 -0.000000 6.229368 -14.513297 6.998356 -0.000000 27.864203 -0.000000 3.697186 -2.351321 15.362841 0.415395 -8.808871 0.217104 
-0.023396 0.813786 1.807641 -4.273904 -14.875763 -6.936262 5.010959 8.913214 7.480640 0.000000 13.036506 -0.000000 0.000000 0.000000 -0.000000 0.000000 0.000000 -0.000000 -3.512748 -9.379409 1.931255 23.176880 0.007900 5.612162 -46.464869 -9.318094 11.971899 -0.000082 -28.320999 -0.000021 10.452100 8.451620 21.858373 -0.000000 0.000000 -0.000000 -25.795408 -0.001670 3.650855 41.893097 4.164438 -12.202879 0.000000 -24.225269 0.000000 -14.951084 14.197161 -18.660985 -0.000000 -0.000000 -0.000000 6.829622 25.278248 -2.337948 0.000000 6.394593 0.000000 -3.871752 -16.498029 1.781325 -0.000000 -0.000000 -0.000000 6.163347 -14.423119 7.170454 -0.000000 24.919414 0.000000 3.421171 -2.785131 14.854191 0.400970 -8.911816 0.197516 
-0.023192 0.810922 1.818954 -4.403076 -14.920255 -7.146314 5.207716 8.905706 7.623822 -0.000000 13.354207 -0.000000 0.000000 -0.000000 -0.000000 0.000000 -0.000000 0.000000 -4.010677 -9.740740 1.856035 23.054958 0.008431 5.849714 -46.657605 -9.766158 11.844576 -0.000083 -28.491868 -0.000021 10.416189 8.372060 21.828493 0.000000 0.000000 -0.000000 -26.135819 -0.001997 3.792040 42.225036 4.390014 -11.987180 -0.000000 -24.107788 -0.000000 -15.032885 14.293058 -18.609114 -0.000000 -0.000000 0.000000 6.774019 26.125522 -2.223807 0.000000 6.536351 0.000000 -3.751245 -17.409466 1.849190 -0.000000 0.000000 -0.000000 6.155570 -14.316235 7.335154 0.000000 22.080017 -0.000000 3.078794 -3.330375 14.319695 0.388377 -8.710638 0.188477 
-0.022972 0.807875 1.830448 -4.511063 -15.008291 -7.309817 5.372219 8.970847 7.718492 -0.000000 13.583662 0.000000 0.000000 -0.000000 0.000000 0.000000 0.000000 -0.000000 -4.497675 -10.018079 1.778030 22.959845 0.008862 6.098505 -46.868733 -10.114888 11.782979 -0.000083 -28.669737 -0.000021 10.413305 8.336606 21.699940 -0.000000 -0.000000 0.000000 -26.444080 -0.002298 3.991120 42.535674 4.557284 -11.922793 0.000000 -23.907262 0.000000 -15.081393 14.336677 -18.560351 -0.000000 -0.000000 -0.000000 6.693832 27.046316 -2.355926 -0.000000 6.646249 -0.000000 -3.569128 -18.339228 2.136509 -0.000000 0.000000 -0.000000 6.113281 -14.144736 7.446127 -0.000000 19.355474 -0.000000 2.684691 -3.865778 13.775327 0.373826 -8.854682 0.167325 
-0.022693 0.804624 1.842052 -4.633730 -15.086864 -7.446685 5.588800 8.953028 7.834875 0.000000 13.890618 -0.000000 -0.000000 -0.000000 -0.000000 0.000000 -0.000000 0.000000 -5.020619 -10.283165 1.659047 22.857783 0.009326 6.244776 -47.068897 -10.487574 11.741405 -0.000084 -28.858317 -0.000022 10.261367 8.256017 21.634303 -0.000000 0.000000 0.000000 -26.757505 -0.002609 4.129073 42.838738 4.732841 -11.885934 -0.000000 -23.707740 0.000000 -14.937180 14.409844 -18.708845 0.000000 -0.000000 -0.000000 6.629074 27.994368 -2.576929 0.000000 6.706696 0.000000 -3.352325 -19.259925 2.498680 -0.000000 -0.000000 -0.000000 6.085503 -13.964619 7.669773 0.000000 16.776119 -0.000000 2.504037 -4.418264 13.084601 0.361708 -8.593112 0.160447 
-0.022377 0.801241 1.853590 -4.750007 -15.217547 -7.597855 5.781998 9.071909 7.933895 0.000000 14.091987 -0.000000 0.000000 0.000000 -0.000000 0.000000 0.000000 -0.000000 -5.562197 -10.493226 1.494651 22.760548 0.009776 6.435079 -47.266960 -10.806014 11.693205 -0.000084 -28.986408 -0.000022 10.138807 8.195396 21.497617 -0.000000 -0.000000 0.000000 -27.088548 -0.002939 4.242869 43.162393 4.948639 -11.865364 -0.000000 -23.495031 -0.000000 -14.869961 14.413128 -18.917448 0.000000 -0.000000 -0.000000 6.533134 28.965439 -2.819461 0.000000 6.821042 -0.000000 -3.108631 -20.205061 2.909690 -0.000000 0.000000 -0.000000 6.033673 -13.741287 7.945703 0.000000 14.378492 -0.000000 2.392926 -4.891519 12.488366 0.348524 -8.523876 0.146780 
-0.021999 0.797589 1.865138 -4.887310 -15.306670 -7.701170 6.030524 9.139883 7.986614 -0.000000 14.269862 -0.000000 -0.000000 -0.000000 -0.000000 -0.000000 -0.000000 -0.000000 -6.159987 -10.659936 1.322750 22.644861 0.010305 6.619347 -47.431001 -11.052215 11.609030 -0.000085 -29.099097 -0.000022 10.097442 8.196381 21.437862 -0.000000 0.000000 -0.000000 -27.454587 -0.003306 4.404458 43.499081 5.090851 -11.873973 -0.000000 -23.248791 0.000000 -14.753074 14.443698 -19.026100 -0.000000 -0.000000 -0.000000 6.472467 29.882719 -3.176564 -0.000000 6.974721 0.000000 -2.823316 -21.180373 3.401910 -0.000000 0.000000 -0.000000 5.975577 -13.583144 8.258767 0.000000 12.183955 -0.000000 2.406411 -5.306196 11.925073 0.335293 -8.473038 0.132441 
-0.021483 0.793781 1.876617 -4.990443 -15.410516 -7.766079 6.255389 9.237685 8.032158 0.000000 14.416111 -0.000000 -0.000000 0.000000 -0.000000 -0.000000 -0.000000 -0.000000 -6.755230 -10.801693 1.166528 22.534081 0.010820 6.747549 -47.592866 -11.305911 11.550528 -0.000085 -29.155707 -0.000022 10.006285 8.198450 21.321040 -0.000000 -0.000000 0.000000 -27.851125 -0.003707 4.529999 43.853721 5.239771 -11.829741 -0.000000 -23.027272 0.000000 -14.607612 14.500387 -19.254365 0.000000 0.000000 -0.000000 6.381238 30.773185 -3.485708 -0.000000 7.202101 -0.000000 -2.536649 -22.188474 3.823454 -0.000000 -0.000000 -0.000000 5.841802 -13.437309 8.478821 -0.000000 10.201159 -0.000000 2.243205 -5.636665 11.524957 0.322167 -8.414379 0.118364 
-0.020827 0.792201 1.888749 -5.084106 -15.491912 -7.834047 6.481384 9.330581 8.090615 -0.000000 14.556186 0.000000 -0.000000 0.000000 0.000000 -0.000000 -0.000000 -0.000000 -7.368062 -10.951449 0.970442 22.417971 0.011362 6.911296 -47.690321 -11.556233 11.237001 -0.000084 -29.029449 -0.000022 9.991036 8.160970 21.521691 0.000000 -0.000000 0.000000 -28.297341 -0.004159 4.662658 44.239557 5.335246 -11.751415 0.000000 -22.789452 -0.000000 -14.505733 14.560702 -19.549032 0.000000 -0.000000 0.000000 6.256334 31.560629 -3.790589 -0.000000 7.500818 -0.000000 -2.334042 -22.091215 4.233170 0.025197 -1.098136 0.000241 5.671393 -13.232499 8.665057 0.000000 8.500109 -0.000000 1.861583 -6.034789 11.163587 0.308919 -8.387374 0.103120 
-0.020082 0.790680 1.901002 -5.154668 -15.536714 -7.894110 6.692110 9.398812 8.181139 0.000000 14.650745 -0.000000 -0.000000 -0.000000 0.000000 -0.000000 -0.000000 -0.000000 -7.951632 -11.094293 0.775828 22.361074 0.011667 7.021454 -47.859398 -11.718938 11.044103 -0.000084 -28.982806 -0.000022 9.991112 8.179827 21.677696 -0.000000 0.000000 -0.000000 -28.757387 -0.004630 4.802927 44.637228 5.401369 -11.710176 0.000000 -22.531572 0.000000 -14.314469 14.673284 -19.676705 0.000000 0.000000 -0.000000 6.095375 32.271425 -4.081672 0.000000 7.875284 -0.000000 -2.141070 -21.908805 4.640221 0.053207 -2.317919 0.001076 5.464005 -13.078536 8.688812 -0.000000 7.140992 -0.000000 1.262450 -6.471912 10.975634 0.296238 -8.272801 0.091048 
-0.019226 0.789292 1.913401 -5.183108 -15.651646 -7.957398 6.849427 9.561513 8.294380 0.000000 14.722501 0.000000 -0.000000 0.000000 0.000000 0.000000 0.000000 0.000000 -8.542309 -11.226269 0.510461 22.314757 0.011932 7.122073 -48.048511 -11.793098 10.951915 -0.000084 -29.016166 -0.000022 9.881401 8.181643 21.661619 -0.000000 0.000000 -0.000000 -29.203857 -0.005093 4.903325 44.997244 5.472172 -11.508937 0.000000 -22.278497 0.000000 -14.155518 14.705062 -19.826725 -0.000000 -0.000000 0.000000 5.854841 32.983365 -4.370470 -0.000000 8.376177 0.000000 -1.954439 -21.646205 5.066689 0.084529 -3.679371 0.002715 5.197178 -12.879895 8.621402 -0.000000 6.156186 -0.000000 0.491966 -6.889397 10.842070 0.284286 -8.039784 0.083341 
-0.018378 0.788156 1.925976 -5.171990 -15.767581 -8.017222 6.940663 9.710656 8.442780 0.000000 14.775271 -0.000000 -0.000000 -0.000000 0.000000 0.000000 -0.000000 0.000000 -9.037750 -11.306961 0.246883 22.339850 0.011901 7.229306 -48.286824 -11.740669 10.948929 -0.000085 -29.108310 -0.000022 9.700160 8.186768 21.601588 0.000000 0.000000 0.000000 -29.630634 -0.005543 4.961623 45.337227 5.558433 -11.317308 -0.000000 -21.941727 0.000000 -13.737834 14.660021 -20.324560 0.000000 -0.000000 -0.000000 5.569992 33.651345 -4.533115 0.000000 8.944756 0.000000 -1.838061 -21.196059 5.363061 0.120844 -5.252529 0.005543 4.900241 -12.737952 8.374035 -0.000000 5.671519 -0.000000 -0.067594 -7.219885 10.735361 0.271863 -7.898922 0.072283 
-0.017485 0.787214 1.938796 -5.114026 -15.933159 -8.100612 6.957750 9.932334 8.657281 -0.000000 14.795967 0.000000 -0.000000 -0.000000 -0.000000 0.000000 -0.000000 -0.000000 -9.482303 -11.390419 0.000260 22.368720 0.011854 7.264374 -48.467537 -11.724844 10.908902 -0.000084 -29.062716 -0.000022 9.584611 8.130335 21.680330 0.000000 0.000000 -0.000000 -30.005897 -0.005947 4.964430 45.616090 5.680930 -10.927070 -0.000000 -21.666015 0.000000 -13.521732 14.809953 -20.550351 0.000000 -0.000000 -0.000000 5.193159 34.294816 -4.626898 0.000000 9.647662 -0.000000 -1.755902 -20.614764 5.633795 0.161884 -7.020788 0.009931 4.571589 -12.613790 8.008525 -0.000000 5.720926 -0.000000 -0.338331 -7.467597 10.614970 0.260033 -7.659928 0.064891 
-0.016613 0.786496 1.951822 -4.977866 -16.084265 -8.151773 6.859883 10.078796 8.897370 -0.000000 14.848269 -0.000000 -0.000000 0.000000 0.000000 -0.000000 0.000000 0.000000 -9.786446 -11.494537 -0.213592 22.411003 0.011749 7.332488 -48.591446 -11.592289 10.805961 -0.000084 -29.028003 -0.000022 9.539358 8.130274 21.609104 0.000000 0.000000 0.000000 -30.307176 -0.006283 4.955396 45.848395 5.787052 -10.508784 0.000000 -21.370040 -0.000000 -13.218407 14.841512 -20.775938 0.000000 0.000000 -0.000000 4.741421 34.847188 -4.666704 0.000000 10.469526 0.000000 -1.730506 -19.861440 5.835457 0.208563 -9.015622 0.016443 4.176102 -12.573456 7.658773 0.000000 6.250938 -0.000000 -0.233792 -7.515650 10.425067 0.247267 -7.601817 0.050800 
-0.015726 0.785894 1.965135 -4.790347 -16.247595 -8.205744 6.675905 10.223730 9.155191 0.000000 14.872335 0.000000 -0.000000 0.000000 0.000000 0.000000 0.000000 0.000000 -10.014314 -11.537679 -0.491950 22.465433 0.011589 7.347514 -48.648170 -11.457681 10.767739 -0.000084 -28.903261 -0.000022 9.365223 8.054518 21.721069 0.000000 0.000000 -0.000000 -30.528470 -0.006543 4.976476 45.987279 5.885568 -9.970939 0.000000 -21.067217 -0.000000 -12.883183 14.839292 -20.985543 0.000000 -0.000000 -0.000000 4.219027 35.368450 -4.615469 -0.000000 11.359193 0.000000 -1.753593 -18.942772 5.965725 0.260447 -11.207098 0.025553 3.740783 -12.549872 7.279446 -0.000000 7.184412 -0.000000 -0.028303 -7.555358 10.274195 0.234664 -7.524990 0.037397 
-0.014853 0.785429 1.978822 -4.516067 -16.396347 -8.205226 6.370889 10.295205 9.453738 -0.000000 14.887618 -0.000000 -0.000000 0.000000 0.000000 -0.000000 0.000000 0.000000 -10.073314 -11.583027 -0.711134 22.529023 0.011388 7.284464 -48.623333 -11.248652 10.764473 -0.000084 -28.802220 -0.000021 9.249355 7.949786 21.728595 -0.000000 -0.000000 -0.000000 -30.602408 -0.006660 4.951153 46.020136 6.032385 -9.473935 0.000000 -20.763554 -0.000000 -12.553852 14.965015 -21.195263 -0.000000 0.000000 -0.000000 3.630344 35.825289 -4.539580 -0.000000 12.324250 -0.000000 -1.827973 -17.818772 6.034805 0.319116 -13.645452 0.038181 3.198490 -12.524563 6.733844 0.000000 8.357772 -0.000000 0.324651 -7.567819 10.330332 0.222989 -7.285931 0.030117 
-0.013959 0.785047 1.992747 -4.161267 -16.505694 -8.153314 5.958006 10.262293 9.717934 0.000000 14.898340 -0.000000 0.000000 -0.000000 -0.000000 -0.000000 -0.000000 -0.000000 -9.992683 -11.543943 -0.891513 22.604842 0.011131 7.196725 -48.535791 -10.972988 10.841750 -0.000083 -28.715949 -0.000021 9.156379 7.913652 21.701466 0.000000 -0.000000 0.000000 -30.580971 -0.006683 4.922337 45.967244 6.218645 -8.847695 -0.000000 -20.475550 0.000000 -12.382295 15.095330 -21.194806 0.000000 -0.000000 0.000000 2.974471 36.174609 -4.489101 0.000000 13.383805 0.000000 -1.935188 -16.513249 6.107176 0.384558 -16.306828 0.055097 2.574215 -12.508984 6.201721 -0.000000 9.700077 -0.000000 0.600141 -7.480600 10.434534 0.210907 -7.132153 0.019656 
-0.013044 0.784791 2.006839 -3.727446 -16.562182 -8.074154 5.437137 10.136233 10.020983 -0.000000 14.896569 -0.000000 -0.000000 0.000000 -0.000000 0.000000 0.000000 -0.000000 -9.796463 -11.479845 -1.068565 22.689903 0.010830 7.076689 -48.370194 -10.629062 10.913072 -0.000083 -28.600004 -0.000021 9.121397 7.957074 21.721053 -0.000000 0.000000 -0.000000 -30.448425 -0.006594 4.902517 45.847520 6.388367 -8.331607 0.000000 -20.146646 0.000000 -12.096735 15.162996 -21.264960 0.000000 -0.000000 -0.000000 2.244997 36.372049 -4.394807 -0.000000 14.573731 0.000000 -2.090276 -14.991748 6.135995 0.458473 -19.227690 0.077659 1.888736 -12.493571 5.684676 -0.000000 11.139670 -0.000000 0.846851 -7.235442 10.460526 0.197972 -7.153280 0.002540 
-0.012058 0.784737 2.021085 -3.202143 -16.565423 -7.935721 4.804730 9.907456 10.294424 -0.000000 14.866204 -0.000000 0.000000 0.000000 -0.000000 -0.000000 -0.000000 -0.000000 -9.485615 -11.313926 -1.242040 22.835620 0.010261 6.917278 -48.197715 -10.219284 11.047015 -0.000083 -28.486723 -0.000021 9.060428 8.013300 21.717540 -0.000000 -0.000000 -0.000000 -30.276674 -0.006463 4.877600 45.726726 6.610070 -7.841406 0.000000 -19.866545 -0.000000 -11.843777 15.246594 -21.265260 0.000000 0.000000 -0.000000 1.442172 36.425110 -4.348132 0.000000 15.856333 -0.000000 -2.286770 -13.183073 6.186011 0.543237 -22.453369 0.107828 1.116362 -12.469881 5.118718 -0.000000 12.532930 -0.000000 1.307284 -6.689025 10.389180 0.183646 -7.443671 -0.024981 
-0.011086 0.784863 2.035463 -2.632897 -16.472150 -7.778280 4.109078 9.514547 10.562953 0.000000 14.844353 -0.000000 -0.000000 -0.000000 -0.000000 0.000000 -0.000000 -0.000000 -9.070723 -11.061706 -1.340797 23.019700 0.009517 6.742352 -48.039041 -9.685244 11.353821 -0.000083 -28.505658 -0.000021 8.961843 8.132609 21.575289 0.000000 0.000000 0.000000 -30.027940 -0.006253 4.816543 45.567647 6.896966 -7.408293 0.000000 -19.656685 0.000000 -11.744222 15.405640 -21.118271 -0.000000 0.000000 -0.000000 0.607128 36.229374 -4.301080 -0.000000 17.332584 -0.000000 -2.550105 -11.035382 6.230885 0.643054 -26.067501 0.148861 0.302416 -12.401835 4.540657 -0.000000 13.593795 0.000000 1.632448 -6.030170 10.481966 0.168594 -7.858078 -0.057496 
-0.010018 0.785158 2.049853 -1.995360 -16.272634 -7.577222 3.332555 8.996653 10.801872 -0.000000 14.760932 0.000000 0.000000 -0.000000 -0.000000 -0.000000 0.000000 0.000000 -8.530184 -10.734587 -1.386718 23.249873 0.008560 6.527091 -47.824628 -9.165292 11.571330 -0.000082 -28.359841 -0.000021 8.956971 8.248437 21.606155 0.000000 0.000000 0.000000 -29.743259 -0.006002 4.755399 45.395053 7.221971 -6.981340 0.000000 -19.421276 -0.000000 -11.641107 15.502027 -21.022209 -0.000000 -0.000000 -0.000000 -0.267504 35.766953 -4.253777 -0.000000 18.981045 0.000000 -2.876409 -8.508962 6.250646 0.761443 -30.081551 0.204612 -0.577249 -12.324552 4.080158 0.000000 14.173699 -0.000000 2.053438 -4.553726 10.805436 0.154970 -8.021662 -0.080471 
-0.008778 0.785491 2.064035 -1.304832 -15.995645 -7.352203 2.496440 8.415723 10.984465 0.000000 14.628780 -0.000000 -0.000000 0.000000 -0.000000 -0.000000 0.000000 -0.000000 -7.957152 -10.389419 -1.395376 23.501173 0.007498 6.278250 -47.595556 -8.653723 11.796268 -0.000081 -28.151013 -0.000020 9.073950 8.351638 21.712153 -0.000000 0.000000 -0.000000 -29.470081 -0.005760 4.717278 45.246304 7.543550 -6.594917 0.000000 -19.238483 0.000000 -11.565458 15.492997 -20.748133 -0.000000 0.000000 0.000000 -1.193461 34.983012 -4.216501 -0.000000 20.925106 -0.000000 -3.268129 -5.609406 6.280848 0.904400 -34.527656 0.281068 -1.504826 -12.272388 3.584792 0.000000 14.449006 -0.000000 2.196330 -2.226837 11.316930 0.145367 -7.503283 -0.076812 
-0.007370 0.786243 2.078372 -0.570984 -15.640764 -7.068409 1.619589 7.771337 11.048440 -0.000000 14.448800 0.000000 -0.000000 0.000000 -0.000000 0.000000 0.000000 -0.000000 -7.408298 -10.091622 -1.381780 23.724372 0.006547 6.042095 -47.298848 -8.099776 12.009142 -0.000081 -27.925888 -0.000020 9.164510 8.442151 21.890851 -0.000000 0.000000 -0.000000 -29.225487 -0.005544 4.689181 45.115329 7.884572 -6.215416 -0.000000 -19.072185 0.000000 -11.457420 15.554802 -20.635721 0.000000 -0.000000 -0.000000 -2.152400 33.897806 -4.251322 0.000000 23.101823 -0.000000 -3.690346 -2.443148 6.292799 0.816427 -37.884584 0.146088 -2.478787 -12.243045 2.872558 -0.000000 14.835759 0.000000 2.074285 -0.446362 11.814817 0.130844 -7.850298 -0.107081 
-0.005851 0.787212 2.092584 0.226308 -15.309857 -6.822687 0.648827 7.230420 11.122495 -0.000000 14.180187 0.000000 -0.000000 -0.000000 -0.000000 0.000000 -0.000000 -0.000000 -6.852373 -9.772685 -1.347573 23.927553 0.005675 5.764479 -46.967580 -7.542650 12.239853 -0.000080 -27.744158 -0.000020 9.267637 8.583733 22.014813 0.000000 -0.000000 -0.000000 -28.952540 -0.005296 4.673958 44.956431 8.184945 -5.839364 0.000000 -18.913233 -0.000000 -11.498168 15.555702 -20.408515 0.000000 -0.000000 -0.000000 -3.237107 32.565309 -4.243044 0.000000 25.606772 0.000000 -4.039990 1.093656 6.336587 0.730490 -40.615214 0.020934 -3.499461 -12.217333 2.190334 -0.000000 15.470334 -0.000000 1.826941 0.487735 12.297975 0.118582 -7.814360 -0.122360 
-0.004205 0.788288 2.106676 1.087374 -14.954725 -6.601430 -0.382713 6.649785 11.212222 -0.000000 13.946391 -0.000000 -0.000000 0.000000 -0.000000 -0.000000 0.000000 -0.000000 -6.322690 -9.498616 -1.351848 24.031903 0.005237 5.483754 -46.511724 -6.963093 12.436143 -0.000079 -27.579697 -0.000019 9.268587 8.747905 22.271770 -0.000000 0.000000 0.000000 -28.609606 -0.004970 4.601131 44.724690 8.477264 -5.512113 -0.000000 -18.775269 0.000000 -11.445489 15.562203 -20.337572 -0.000000 -0.000000 -0.000000 -4.440520 30.958663 -4.184327 0.000000 28.439785 0.000000 -4.081205 4.870218 6.368182 0.673374 -41.923145 -0.057741 -4.575735 -12.284478 1.469958 0.000000 16.277200 -0.000000 1.399761 1.198432 12.884330 0.108063 -7.488544 -0.126112 
-0.002490 0.789438 2.120652 1.989955 -14.680562 -6.387978 -1.477059 6.227176 11.273357 -0.000000 13.646751 0.000000 -0.000000 -0.000000 -0.000000 -0.000000 0.000000 -0.000000 -5.850555 -9.279428 -1.324221 24.041033 0.005224 5.242742 -45.926763 -6.349552 12.481944 -0.000079 -27.391019 -0.000019 9.243260 8.876507 22.669082 0.000000 -0.000000 0.000000 -28.211733 -0.004583 4.559949 44.450970 8.697192 -5.359838 0.000000 -18.667449 0.000000 -11.443250 15.538331 -20.163690 0.000000 -0.000000 -0.000000 -5.737352 29.217413 -4.090422 -0.000000 31.581800 0.000000 -3.682887 8.636333 6.349767 0.666574 -41.314414 -0.061843 -5.704375 -12.302355 0.796774 -0.000000 17.145047 -0.000000 0.918562 1.789824 13.583431 0.098253 -7.033059 -0.124598 
-0.000809 0.790564 2.134536 2.859146 -14.429016 -6.177859 -2.516500 5.817423 11.315224 0.000000 13.429667 0.000000 -0.000000 0.000000 -0.000000 -0.000000 0.000000 -0.000000 -5.437993 -9.144859 -1.295674 23.922387 0.005794 4.965063 -45.218693 -5.790386 12.467643 -0.000078 -27.247045 -0.000019 9.233227 9.025650 22.782323 -0.000000 0.000000 0.000000 -27.735219 -0.004106 4.521339 44.073746 8.777308 -5.224643 0.000000 -18.556592 -0.000000 -11.392559 15.485277 -20.060164 -0.000000 -0.000000 0.000000 -6.940905 27.354858 -3.879060 0.000000 34.916426 -0.000000 -3.297812 12.359565 6.321138 0.696853 -39.235836 -0.009171 -6.773929 -12.253148 0.302769 0.000000 17.942546 -0.000000 0.398746 2.356773 14.208256 0.088803 -6.494480 -0.119631 
0.000713 0.791677 2.148190 3.670770 -14.232163 -5.926579 -3.494524 5.507437 11.280534 0.000000 13.229983 -0.000000 -0.000000 -0.000000 -0.000000 -0.000000 -0.000000 -0.000000 -5.073141 -9.097698 -1.341343 23.725670 0.006728 4.735090 -44.434066 -5.200812 12.366980 -0.000078 -27.090413 -0.000019 9.090177 9.072561 23.094965 -0.000000 -0.000000 0.000000 -27.217962 -0.003580 4.428590 43.661749 8.822902 -5.208923 -0.000000 -18.516768 0.000000 -11.318747 15.517366 -19.963446 -0.000000 0.000000 -0.000000 -8.036191 25.437246 -3.712905 -0.000000 38.228417 -0.000000 -2.616452 16.289123 5.996290 0.749197 -35.961242 0.083298 -7.741964 -12.089757 0.112030 -0.000000 18.652591 0.000000 -0.116966 2.854405 14.590473 0.079001 -6.006162 -0.116540 
0.002304 0.792849 2.161682 4.430923 -14.067270 -5.668820 -4.388427 5.256807 11.206399 -0.000000 13.064113 0.000000 0.000000 0.000000 0.000000 -0.000000 0.000000 0.000000 -4.809876 -9.082765 -1.374911 23.504579 0.007783 4.491789 -43.684180 -4.646360 12.271087 -0.000077 -26.949268 -0.000019 9.007650 9.147596 23.159848 -0.000000 -0.000000 -0.000000 -26.734845 -0.003085 4.354859 43.263589 8.741031 -5.302408 -0.000000 -18.462921 0.000000 -11.310359 15.517238 -20.003096 0.000000 -0.000000 -0.000000 -9.082891 23.415977 -3.608510 0.000000 41.560113 -0.000000 -2.105414 20.207289 5.570326 0.819000 -31.165849 0.218001 -8.660047 -11.801817 0.099647 0.000000 19.234404 -0.000000 -0.039822 2.958476 14.707188 0.070464 -5.200639 -0.100525 
0.003993 0.794079 2.174686 5.157212 -13.977173 -5.432902 -5.238030 5.219938 11.110978 -0.000000 12.854015 0.000000 -0.000000 0.000000 -0.000000 -0.000000 -0.000000 -0.000000 -4.663290 -9.212053 -1.419545 23.267894 0.008923 4.262150 -42.981152 -4.146165 12.193468 -0.000077 -26.788003 -0.000018 8.810009 9.157426 23.364048 0.000000 -0.000000 0.000000 -26.330741 -0.002668 4.255158 42.902818 8.549554 -5.459022 -0.000000 -18.442260 0.000000 -11.111930 15.521519 -19.974605 -0.000000 -0.000000 0.000000 -10.073743 21.357975 -3.459273 -0.000000 44.833213 -0.000000 -1.641378 23.993219 5.053957 0.866655 -26.753367 0.329707 -9.550356 -11.413946 0.311242 0.000000 19.820549 0.000000 0.354264 2.505081 14.442165 0.061831 -4.319123 -0.081226 
0.005556 0.795472 2.187889 5.865422 -13.918773 -5.008637 -6.059051 5.173797 10.787909 -0.000000 12.707103 0.000000 -0.000000 -0.000000 -0.000000 -0.000000 0.000000 -0.000000 -4.473599 -9.372675 -1.455315 23.122150 0.009651 4.043304 -42.385484 -3.650621 12.164525 -0.000076 -26.628919 -0.000018 8.743399 9.181796 23.199879 0.000000 0.000000 -0.000000 -25.961327 -0.002285 4.183623 42.621452 8.328803 -5.745486 -0.000000 -18.463075 -0.000000 -10.889296 15.340542 -19.797096 0.000000 -0.000000 -0.000000 -10.959856 19.424762 -3.560216 -0.000000 47.923028 0.000000 -1.148587 27.382209 4.390035 0.896908 -22.821305 0.421041 -10.465803 -10.867304 0.409529 0.000000 20.302024 -0.000000 0.923890 1.946173 14.025056 0.051768 -3.756791 -0.074623 
0.007126 0.797047 2.200522 6.550089 -13.886009 -4.710997 -6.863504 5.266528 10.578897 -0.000000 12.520846 -0.000000 0.000000 0.000000 0.000000 0.000000 0.000000 0.000000 -4.368722 -9.635393 -1.485589 23.043258 0.010073 3.832994 -41.919408 -3.198746 12.173511 -0.000076 -26.487943 -0.000018 8.669613 9.213462 22.925156 0.000000 0.000000 -0.000000 -25.695143 -0.002010 4.061664 42.404761 8.007338 -5.883342 -0.000000 -18.489611 0.000000 -10.708892 15.293853 -19.754748 -0.000000 -0.000000 0.000000 -11.846512 17.380452 -3.528452 -0.000000 51.066074 -0.000000 -0.882125 29.828814 3.752134 0.916548 -19.134029 0.502038 -11.358811 -10.198106 0.483199 0.000000 20.520654 -0.000000 1.518731 1.459547 13.878226 0.042095 -2.994898 -0.059735 
0.008558 0.798714 2.212808 7.187394 -13.765696 -4.323171 -7.607556 5.293120 10.231785 -0.000000 12.363492 -0.000000 -0.000000 -0.000000 -0.000000 -0.000000 -0.000000 -0.000000 -4.232552 -9.925097 -1.486258 23.045073 0.010119 3.616292 -41.568422 -2.778248 12.257625 -0.000075 -26.343734 -0.000018 8.689935 9.307026 22.603924 -0.000000 -0.000000 0.000000 -25.462902 -0.001769 3.961262 42.218912 7.597762 -6.000994 0.000000 -18.516389 0.000000 -10.406599 15.127771 -19.468220 0.000000 -0.000000 -0.000000 -12.592043 15.288810 -3.670713 0.000000 54.175857 -0.000000 -1.232874 30.361982 3.371704 0.932244 -15.075517 0.590553 -12.251729 -9.512388 0.309985 -0.000000 20.580531 -0.000000 2.257039 0.953237 13.913595 0.032491 -2.033789 -0.036485 
0.009771 0.800514 2.224684 7.737755 -13.662764 -4.089420 -8.272187 5.382162 9.979952 0.000000 12.198968 0.000000 -0.000000 0.000000 -0.000000 -0.000000 0.000000 -0.000000 -4.183756 -10.259727 -1.482077 23.061580 0.010096 3.441631 -41.283014 -2.384616 12.455988 -0.000075 -26.203354 -0.000017 8.659352 9.360976 22.210597 -0.000000 -0.000000 0.000000 -25.304911 -0.001608 3.834139 42.110022 7.142975 -6.119038 -0.000000 -18.588437 0.000000 -10.297666 15.136635 -19.143200 -0.000000 -0.000000 0.000000 -13.218396 13.191268 -3.628472 -0.000000 57.127597 0.000000 -1.781160 29.447992 3.357654 0.913790 -15.195141 0.569482 -13.007699 -8.717747 0.329076 -0.000000 20.407390 -0.000000 3.054028 0.581384 13.812955 0.022118 -1.215145 -0.018774 
0.010778 0.802321 2.235862 8.143324 -13.546780 -3.942516 -8.773132 5.537783 9.734744 -0.000000 11.996329 -0.000000 -0.000000 0.000000 0.000000 -0.000000 0.000000 -0.000000 -4.206384 -10.603523 -1.451296 23.075406 0.010084 3.296152 -41.058893 -2.017216 12.680243 -0.000074 -26.053757 -0.000017 8.730016 9.476190 21.868747 -0.000000 0.000000 -0.000000 -25.197724 -0.001501 3.687338 41.985189 6.635793 -6.108255 0.000000 -18.614517 0.000000 -10.047142 14.911348 -18.897768 -0.000000 -0.000000 0.000000 -13.612001 10.981097 -3.485762 -0.000000 60.029271 -0.000000 -2.067614 26.971265 3.249195 0.897288 -15.055722 0.555183 -13.576250 -7.894609 0.464118 -0.000000 20.049098 -0.000000 3.850346 0.392495 13.650571 0.011003 -0.765279 -0.015979 
0.011655 0.804265 2.247182 8.445586 -13.408198 -3.847304 -9.143028 5.576337 9.483459 0.000000 11.879325 -0.000000 0.000000 0.000000 -0.000000 -0.000000 0.000000 0.000000 -4.225935 -10.830615 -1.363822 23.104840 0.009998 3.149914 -40.899196 -1.643167 13.019145 -0.000074 -25.908663 -0.000017 8.805659 9.572054 21.521617 -0.000000 -0.000000 0.000000 -25.141577 -0.001450 3.558717 41.887859 6.141657 -5.940698 0.000000 -18.792700 0.000000 -9.896422 14.885947 -18.690298 0.000000 -0.000000 0.000000 -13.868725 8.761170 -3.325157 -0.000000 62.600788 0.000000 -2.173794 24.252897 3.138449 0.887039 -14.054335 0.563996 -14.059368 -7.010257 0.496214 -0.000000 19.612134 -0.000000 4.563968 0.049674 13.650515 -0.000000 0.000000 -0.000000 
0.012390 0.806289 2.258218 8.609330 -13.194476 -3.775275 -9.324092 5.533228 9.150416 -0.000000 11.792318 0.000000 -0.000000 0.000000 -0.000000 -0.000000 -0.000000 -0.000000 -4.389017 -11.054941 -1.291688 23.100650 0.010071 3.029167 -40.757801 -1.290806 13.392419 -0.000073 -25.762254 -0.000017 8.958646 9.770484 21.410338 -0.000000 0.000000 -0.000000 -25.159326 -0.001482 3.452729 41.862831 5.541465 -6.038142 -0.000000 -18.754036 0.000000 -9.727912 14.523349 -18.403427 0.000000 -0.000000 0.000000 -13.949047 6.448413 -3.221341 0.000000 64.773667 0.000000 -2.097955 22.166244 2.869400 0.869366 -14.098738 0.545052 -14.351580 -6.134392 0.418375 0.000000 19.084543 -0.000000 4.693540 -0.505017 13.712601 0.000000 0.000000 -0.000000 
0.013030 0.808257 2.269097 8.645399 -12.922330 -3.764812 -9.348860 5.404614 8.790616 -0.000000 11.740440 -0.000000 0.000000 0.000000 -0.000000 0.000000 0.000000 0.000000 -4.538496 -11.256136 -1.154019 23.067508 0.010285 2.948767 -40.620651 -0.927042 13.739341 -0.000073 -25.580352 -0.000017 9.039461 9.894293 21.574477 0.000000 -0.000000 0.000000 -25.233253 -0.001578 3.375383 41.844304 4.949912 -5.989782 0.000000 -18.940832 0.000000 -9.547713 14.469063 -18.085350 0.000000 -0.000000 -0.000000 -13.797969 4.079319 -3.006812 -0.000000 66.635719 0.000000 -1.686699 20.235688 2.272300 0.853652 -13.872016 0.533429 -14.496132 -5.345324 0.425677 0.000000 18.602879 0.000000 4.828575 -1.080036 13.711160 -0.000000 0.000000 -0.000000 
0.013593 0.810228 2.279885 8.581935 -12.594513 -3.815566 -9.241963 5.193975 8.425396 0.000000 11.714993 0.000000 -0.000000 0.000000 0.000000 -0.000000 0.000000 0.000000 -4.755147 -11.376685 -0.957440 22.981514 0.010757 2.854435 -40.463852 -0.580824 14.118885 -0.000072 -25.399119 -0.000016 9.163016 10.031801 21.805957 0.000000 -0.000000 -0.000000 -25.342273 -0.001715 3.338003 41.854594 4.299063 -6.036639 -0.000000 -19.080170 0.000000 -9.455656 14.294927 -17.829960 0.000000 -0.000000 -0.000000 -13.544121 1.654639 -2.790576 0.000000 68.199489 0.000000 -1.076946 18.508034 1.480226 0.838447 -13.579752 0.523688 -14.550559 -4.587041 0.346387 0.000000 18.063805 -0.000000 4.943861 -1.614886 13.817770 0.000000 0.000000 -0.000000 
0.013962 0.812196 2.290588 8.382192 -12.250816 -3.861870 -8.970432 4.961385 8.001253 -0.000000 11.709418 0.000000 -0.000000 0.000000 -0.000000 -0.000000 0.000000 -0.000000 -4.990637 -11.510293 -0.764396 22.855989 0.011428 2.782488 -40.282942 -0.223512 14.449354 -0.000072 -25.194766 -0.000016 9.163462 10.107350 22.239096 0.000000 0.000000 -0.000000 -25.491247 -0.001898 3.292715 41.899754 3.628091 -6.169841 -0.000000 -19.231883 0.000000 -9.407847 14.170847 -17.511988 0.000000 -0.000000 -0.000000 -13.075964 -0.671211 -2.536865 -0.000000 69.360127 0.000000 -0.409197 16.857806 0.550176 0.820315 -13.713193 0.502238 -14.442345 -3.866519 0.347418 0.000000 17.587537 -0.000000 5.063031 -2.182527 13.812955 0.000000 0.000000 0.000000 
0.014142 0.813897 2.301118 8.075413 -11.860037 -3.918259 -8.580258 4.690117 7.534999 -0.000000 11.699708 -0.000000 -0.000000 0.000000 0.000000 -0.000000 0.000000 0.000000 -5.245093 -11.588144 -0.569274 22.649257 0.012504 2.738646 -40.020030 0.127954 14.724920 -0.000071 -24.957018 -0.000016 9.233902 10.246629 22.637523 -0.000000 0.000000 -0.000000 -25.597434 -0.002035 3.256105 41.886968 2.963118 -6.211334 -0.000000 -19.467598 -0.000000 -9.471482 14.082237 -17.311293 -0.000000 -0.000000 0.000000 -12.517650 -2.996270 -2.349491 0.000000 70.249696 0.000000 0.322777 14.995158 -0.542597 0.803978 -13.598464 0.487636 -14.116437 -3.330338 0.976510 0.000000 17.384194 -0.000000 5.237493 -2.931412 13.178160 0.000000 0.000000 -0.000000 
0.014399 0.815844 2.312108 7.770783 -11.642552 -3.862415 -8.183172 4.585092 6.965126 -0.000000 11.692729 -0.000000 -0.000000 0.000000 -0.000000 -0.000000 0.000000 -0.000000 -5.456125 -11.589052 -0.283679 22.422439 0.013690 2.691628 -39.746926 0.482448 14.971308 -0.000070 -24.690320 -0.000015 9.228758 10.264540 23.114515 -0.000000 -0.000000 0.000000 -25.722824 -0.002194 3.196573 41.915950 2.360981 -6.390256 0.000000 -19.785798 0.000000 -9.496948 13.962335 -17.107204 0.000000 -0.000000 -0.000000 -11.922222 -5.011692 -2.143814 -0.000000 70.797380 0.000000 0.649348 13.204023 -1.527552 0.786200 -13.692463 0.467125 -13.898123 -2.381050 0.999337 0.000000 16.780821 -0.000000 5.350457 -3.453721 13.064306 0.000000 0.000000 0.000000 
0.014369 0.817519 2.322873 7.358976 -11.393133 -3.749397 -7.682786 4.496351 6.314467 -0.000000 11.644707 -0.000000 -0.000000 0.000000 -0.000000 -0.000000 0.000000 -0.000000 -5.643395 -11.514207 0.025369 22.176599 0.014982 2.654138 -39.456947 0.861157 15.209309 -0.000069 -24.471592 -0.000015 9.258667 10.386945 23.468877 0.000000 -0.000000 -0.000000 -25.796577 -0.002296 3.124224 41.906531 1.706746 -6.668757 -0.000000 -20.028491 0.000000 -9.554319 13.790141 -16.879758 0.000000 -0.000000 -0.000000 -11.155493 -6.926501 -1.914941 -0.000000 70.998910 0.000000 0.939375 11.265013 -2.552264 0.767761 -13.879872 0.443820 -13.504120 -1.602509 1.263837 -0.000000 16.461112 0.000000 5.465543 -4.125314 12.637903 -0.000000 0.000000 0.000000 
0.014271 0.818881 2.333729 6.942957 -11.196751 -3.530228 -7.186988 4.459877 5.583283 0.000000 11.609738 -0.000000 -0.000000 -0.000000 -0.000000 -0.000000 -0.000000 0.000000 -5.771711 -11.488118 0.279122 21.947194 0.016205 2.604278 -39.172214 1.212918 15.398584 -0.000069 -24.264859 -0.000015 9.270173 10.641058 23.826855 0.000000 -0.000000 0.000000 -25.834379 -0.002356 3.084187 41.907897 1.086385 -6.977613 -0.000000 -20.504156 -0.000000 -9.711548 13.755962 -16.684979 0.000000 -0.000000 -0.000000 -10.426989 -8.656175 -1.809224 0.000000 70.884263 -0.000000 0.921414 9.316538 -3.582599 0.749178 -14.086184 0.419794 -13.060330 -0.845141 1.729033 -0.000000 16.322303 -0.000000 5.583046 -4.910923 11.929025 -0.000000 0.000000 -0.000000 
0.014269 0.820854 2.344736 6.598457 -11.121077 -3.331238 -6.783236 4.538454 4.919514 0.000000 11.563797 0.000000 0.000000 -0.000000 -0.000000 -0.000000 -0.000000 -0.000000 -5.826923 -11.338801 0.572665 21.757651 0.017239 2.510226 -38.936902 1.504699 15.635811 -0.000068 -23.983730 -0.000014 9.289612 10.681989 24.093259 0.000000 0.000000 -0.000000 -25.898618 -0.002448 2.959408 41.980149 0.475757 -7.380202 0.000000 -20.939900 0.000000 -9.874147 13.701790 -16.493879 0.000000 -0.000000 -0.000000 -9.814313 -10.191812 -1.685500 -0.000000 70.446699 0.000000 0.772550 7.503981 -4.678992 0.731349 -14.194166 0.398486 -12.954875 0.509210 0.378983 0.000000 15.203674 -0.000000 5.589902 -5.037225 13.045509 -0.000000 0.000000 -0.000000 
0.014184 0.822082 2.355261 6.179227 -10.911717 -2.982744 -6.269361 4.533886 4.106064 -0.000000 11.491842 -0.000000 -0.000000 0.000000 0.000000 -0.000000 0.000000 0.000000 -5.895428 -11.214335 0.813193 21.566431 0.018291 2.424813 -38.729506 1.820132 15.837055 -0.000067 -23.742875 -0.000014 9.309456 10.830738 24.315976 -0.000000 -0.000000 0.000000 -25.929819 -0.002502 2.808469 42.043648 -0.145415 -7.917623 0.000000 -21.384475 -0.000000 -10.105318 13.576807 -16.288584 0.000000 -0.000000 -0.000000 -9.148335 -11.765857 -1.745775 -0.000000 69.763214 0.000000 0.131871 5.821313 -5.586132 0.718754 -13.622477 0.397270 -12.574420 1.309473 0.084348 0.000000 14.911023 -0.000000 5.668390 -5.643583 12.957830 -0.000000 0.000000 -0.000000 
0.013861 0.823186 2.366195 5.779856 -10.874975 -2.541456 -5.824192 4.704512 3.268077 0.000000 11.400840 -0.000000 -0.000000 0.000000 0.000000 -0.000000 0.000000 0.000000 -5.840843 -11.039000 0.996991 21.429561 0.019078 2.321268 -38.543385 2.161155 15.969321 -0.000066 -23.566964 -0.000014 9.410025 10.981444 24.426620 -0.000000 -0.000000 0.000000 -25.890767 -0.002473 2.629274 42.124260 -0.730590 -8.523800 0.000000 -21.930897 0.000000 -10.379973 13.460480 -16.091473 0.000000 -0.000000 -0.000000 -8.448931 -13.014904 -1.683301 -0.000000 68.760861 0.000000 -0.213742 4.482380 -6.622548 0.700864 -13.756993 0.375165 -12.184777 2.314684 -0.203694 -0.000000 14.612115 -0.000000 5.729469 -6.274039 12.811359 -0.000000 0.000000 -0.000000 
0.013537 0.824167 2.377110 5.405935 -10.847742 -1.927502 -5.398147 4.883528 2.271271 -0.000000 11.331832 0.000000 -0.000000 0.000000 -0.000000 0.000000 0.000000 -0.000000 -5.754377 -10.872435 1.171885 21.312952 0.019769 2.172677 -38.369886 2.444419 16.064096 -0.000066 -23.361855 -0.000014 9.530283 11.152167 24.666180 0.000000 -0.000000 0.000000 -25.827442 -0.002414 2.419548 42.228294 -1.307873 -9.118498 -0.000000 -22.545415 -0.000000 -10.805299 13.458624 -15.900800 0.000000 -0.000000 -0.000000 -7.860174 -14.110481 -1.769465 -0.000000 67.470671 0.000000 -0.397039 3.434015 -7.518573 0.681598 -14.069581 0.347526 -11.827762 3.340678 -0.921396 0.000000 14.303819 -0.000000 5.782508 -6.852643 12.929404 -0.000000 -0.000000 -0.000000 
0.012971 0.825150 2.389565 5.083512 -11.346769 -1.383704 -5.090193 5.522139 1.454568 -0.000000 11.286462 -0.000000 0.000000 0.000000 -0.000000 0.000000 0.000000 -0.000000 -5.549781 -10.685016 1.366276 21.259794 0.020140 1.955924 -38.230192 2.721346 16.190937 -0.000065 -23.270946 -0.000013 9.783098 11.422336 24.475585 -0.000000 -0.000000 -0.000000 -25.640363 -0.002206 2.180317 42.299955 -1.834315 -9.897688 0.000000 -23.132261 0.000000 -11.049598 13.146220 -16.004833 0.000000 -0.000000 -0.000000 -7.125874 -14.456620 -1.334320 -0.000000 65.900914 0.000000 -0.473535 2.384946 -8.511750 0.668610 -13.580243 0.344201 -11.490440 5.129839 -1.308689 -0.000000 13.690835 0.000000 5.825849 -7.415497 12.889938 0.000000 0.000000 -0.000000 
0.012473 0.825796 2.400859 4.775811 -11.498005 -0.819961 -4.776490 5.852222 0.615096 -0.000000 11.232154 0.000000 -0.000000 -0.000000 0.000000 -0.000000 -0.000000 0.000000 -5.308893 -10.529268 1.532733 21.260788 0.020236 1.791043 -38.169011 3.023620 16.247525 -0.000065 -23.218862 -0.000013 10.008799 11.704029 24.437267 -0.000000 0.000000 0.000000 -25.510611 -0.002065 1.914452 42.487665 -2.334143 -10.708056 -0.000000 -23.935610 -0.000000 -11.314535 13.016629 -15.833408 -0.000000 -0.000000 -0.000000 -6.591991 -15.171892 -1.260350 -0.000000 64.137036 0.000000 -0.997149 1.737557 -9.166070 0.651300 -13.655747 0.323677 -11.142326 6.382356 -1.906592 0.000000 13.289977 0.000000 5.868957 -7.984710 12.971338 -0.000000 0.000000 -0.000000 
0.011944 0.826278 2.412286 4.500303 -11.708062 -0.232249 -4.506983 6.194517 -0.209786 -0.000000 11.220272 -0.000000 -0.000000 -0.000000 0.000000 -0.000000 0.000000 0.000000 -5.020761 -10.353624 1.613996 21.288162 0.020196 1.557887 -38.117968 3.237963 16.314076 -0.000065 -23.112268 -0.000013 10.249479 11.930483 24.461866 -0.000000 0.000000 -0.000000 -25.356749 -0.001894 1.562442 42.717232 -2.727963 -11.526789 -0.000000 -24.856612 0.000000 -11.457646 12.816759 -15.596484 -0.000000 -0.000000 -0.000000 -6.131416 -15.705743 -1.209743 -0.000000 62.179216 -0.000000 -1.333812 0.842159 -9.757794 0.641302 -12.775073 0.332750 -10.821815 7.705733 -2.726038 -0.000000 12.873122 -0.000000 5.918865 -8.531341 13.266429 -0.000000 0.000000 -0.000000 
0.011460 0.826517 2.423649 4.298244 -11.909795 0.372893 -4.322231 6.532938 -1.004702 0.000000 11.215379 0.000000 -0.000000 0.000000 -0.000000 -0.000000 0.000000 -0.000000 -4.700299 -10.200897 1.714489 21.388653 0.019774 1.286820 -38.143256 3.435274 16.455988 -0.000065 -23.038754 -0.000013 10.428956 12.069995 24.337107 -0.000000 -0.000000 -0.000000 -25.117485 -0.001616 1.216066 42.779699 -3.277320 -11.891914 -0.000000 -25.475327 -0.000000 -11.762017 12.549694 -15.833384 0.000000 -0.000000 0.000000 -5.789204 -16.161520 -1.241809 -0.000000 59.938270 0.000000 -1.644355 0.371722 -10.298323 0.624769 -12.769690 0.314875 -10.517703 9.023231 -3.297965 0.000000 12.424571 -0.000000 5.965042 -9.081937 13.297211 -0.000000 0.000000 -0.000000 
0.010953 0.826527 2.435066 4.138665 -12.142493 0.981530 -4.199518 6.884428 -1.781350 0.000000 11.234050 0.000000 -0.000000 0.000000 0.000000 -0.000000 0.000000 -0.000000 -4.274732 -10.031472 1.835997 21.536274 0.019100 1.038024 -38.204952 3.640657 16.534870 -0.000064 -22.983443 -0.000013 10.656831 12.194697 24.360368 -0.000000 -0.000000 0.000000 -24.779768 -0.001215 0.850823 42.619882 -3.901341 -11.615921 -0.000000 -25.867937 0.000000 -12.182910 12.341121 -16.608466 0.000000 -0.000000 -0.000000 -5.529502 -16.475597 -1.303664 -0.000000 57.543768 0.000000 -1.667303 -0.222321 -10.808311 0.611921 -12.266832 0.312605 -10.231612 10.357307 -3.892093 -0.000000 12.001059 -0.000000 6.011729 -9.646515 13.356317 -0.000000 0.000000 -0.000000 
0.010596 0.826240 2.446553 4.044534 -12.407706 1.590657 -4.136637 7.206397 -2.517995 0.000000 11.344317 0.000000 -0.000000 0.000000 -0.000000 -0.000000 0.000000 -0.000000 -3.880031 -9.904932 1.845446 21.691380 0.018380 0.788887 -38.270248 3.790818 16.582994 -0.000064 -22.911787 -0.000013 10.823518 12.304115 24.329360 -0.000000 0.000000 0.000000 -24.523164 -0.000910 0.452044 42.686591 -4.421432 -11.768357 0.000000 -26.563250 0.000000 -12.390460 12.127078 -16.858197 0.000000 -0.000000 -0.000000 -5.393554 -16.644753 -1.479213 -0.000000 54.922886 0.000000 -1.910047 -0.599955 -11.237002 0.598057 -11.904556 0.306085 -10.010791 11.704591 -4.592806 0.000000 11.618174 -0.000000 6.081021 -10.223042 13.545700 0.000000 0.000000 0.000000 
0.010167 0.825774 2.457905 3.985198 -12.641990 2.160528 -4.135855 7.521836 -3.162260 -0.000000 11.431763 -0.000000 -0.000000 0.000000 0.000000 -0.000000 -0.000000 -0.000000 -3.395978 -9.802935 1.871362 21.921389 0.017256 0.486601 -38.408696 3.911634 16.548710 -0.000064 -22.914505 -0.000013 11.254920 12.445943 24.006690 0.000000 -0.000000 0.000000 -24.249476 -0.000581 0.063633 42.778116 -4.994495 -11.978276 -0.000000 -27.195497 0.000000 -12.557356 11.815029 -16.925104 -0.000000 -0.000000 -0.000000 -5.287638 -16.786964 -1.641241 -0.000000 52.166288 0.000000 -1.812459 -1.017135 -11.670913 0.583389 -11.661235 0.295917 -9.761368 12.999703 -4.870559 -0.000000 11.241061 0.000000 6.112352 -10.840113 13.331525 -0.000000 0.000000 -0.000000 
0.009728 0.825110 2.469461 3.949193 -12.903018 2.750036 -4.162679 7.816628 -3.833298 -0.000000 11.520344 -0.000000 0.000000 -0.000000 -0.000000 0.000000 -0.000000 -0.000000 -2.873729 -9.566958 2.005991 22.205817 0.015831 0.263010 -38.579232 4.135574 16.633649 -0.000064 -22.827085 -0.000013 11.176286 12.359949 24.378524 -0.000000 0.000000 -0.000000 -24.006321 -0.000286 -0.347608 42.914896 -5.477114 -12.110204 0.000000 -27.846852 -0.000000 -12.664907 11.567551 -16.880478 -0.000000 -0.000000 -0.000000 -5.243840 -16.761956 -1.944065 0.000000 49.215881 0.000000 -1.909078 -1.375652 -11.956424 0.570125 -11.217037 0.292268 -9.508355 14.347204 -5.192446 0.000000 10.840136 -0.000000 6.140278 -11.456769 13.143254 -0.000000 0.000000 -0.000000 
0.009345 0.824175 2.481111 3.947861 -13.185924 3.328489 -4.222287 8.093575 -4.468739 -0.000000 11.680720 -0.000000 -0.000000 -0.000000 0.000000 -0.000000 -0.000000 -0.000000 -2.381389 -9.376080 2.005440 22.488359 0.014400 -0.023512 -38.762821 4.257782 16.762834 -0.000064 -22.790592 -0.000013 11.089352 12.234316 24.175066 -0.000000 -0.000000 0.000000 -23.775433 -0.000004 -0.757459 43.061724 -5.995114 -12.152845 -0.000000 -28.490585 0.000000 -12.814051 11.338784 -16.914329 -0.000000 -0.000000 -0.000000 -5.247215 -16.616164 -2.346483 -0.000000 46.108826 0.000000 -2.099981 -1.674523 -12.125242 0.555659 -10.953309 0.282971 -9.242259 15.661708 -5.120525 0.000000 10.554241 -0.000000 6.122193 -12.182264 12.569066 -0.000000 0.000000 0.000000 
0.009162 0.822884 2.492829 4.027541 -13.475130 3.847567 -4.381470 8.314257 -4.980749 0.000000 11.973865 0.000000 -0.000000 0.000000 -0.000000 -0.000000 0.000000 -0.000000 -1.879938 -9.331263 1.936822 22.777716 0.012919 -0.293135 -38.937365 4.348450 16.620614 -0.000064 -22.780688 -0.000013 11.265146 12.305678 24.284309 -0.000000 -0.000000 -0.000000 -23.523879 0.000308 -1.143958 43.183759 -6.610521 -12.112928 -0.000000 -29.220170 0.000000 -12.998569 11.440715 -16.574042 -0.000000 -0.000000 -0.000000 -5.343545 -16.398081 -2.753531 0.000000 42.963557 0.000000 -2.155851 -2.045796 -12.003853 0.540473 -10.805258 0.270009 -9.083569 16.981037 -5.098880 -0.000000 10.280704 0.000000 6.121017 -12.912068 12.130249 0.000000 -0.000000 0.000000 
0.009042 0.821344 2.504558 4.142857 -13.755813 4.343516 -4.558411 8.523033 -5.474645 0.000000 12.185684 0.000000 -0.000000 -0.000000 0.000000 0.000000 -0.000000 -0.000000 -1.416758 -9.084998 1.910235 23.068265 0.011415 -0.495741 -39.115366 4.532478 16.446641 -0.000064 -22.775765 -0.000013 11.486610 12.366384 23.980107 0.000000 -0.000000 -0.000000 -23.345389 0.000529 -1.525787 43.398914 -7.161607 -12.229214 -0.000000 -29.637376 -0.000000 -12.951517 10.699110 -16.761275 0.000000 -0.000000 0.000000 -5.485714 -16.098149 -3.234544 0.000000 39.686134 0.000000 -1.960910 -2.352212 -11.619021 0.528048 -10.235532 0.270873 -8.960596 18.281956 -5.101317 0.000000 10.032711 0.000000 6.119602 -13.654539 11.744424 -0.000000 0.000000 -0.000000 
0.008983 0.819553 2.516375 4.314065 -14.058257 4.893056 -4.790511 8.750966 -5.947040 0.000000 12.425443 0.000000 -0.000000 -0.000000 -0.000000 -0.000000 -0.000000 -0.000000 -0.879213 -8.838577 1.903595 23.387817 0.009739 -0.756396 -39.293645 4.681054 16.334717 -0.000064 -22.732341 -0.000013 11.302055 12.314714 24.212742 -0.000000 -0.000000 0.000000 -23.149232 0.000776 -1.947100 43.605683 -7.724688 -12.228788 -0.000000 -30.145533 0.000000 -13.036275 10.443363 -16.572478 0.000000 -0.000000 -0.000000 -5.695106 -15.697219 -3.878112 0.000000 36.371527 0.000000 -1.635926 -2.761438 -11.065647 0.515494 -9.672799 0.271719 -8.864733 19.583902 -5.138549 0.000000 9.853447 0.000000 6.109954 -14.435560 11.352914 0.000000 -0.000000 -0.000000 
0.008948 0.817489 2.528191 4.524299 -14.320244 5.398212 -5.080973 8.894329 -6.386737 -0.000000 12.688701 0.000000 0.000000 0.000000 0.000000 -0.000000 0.000000 0.000000 -0.350137 -8.528116 1.863617 23.714202 0.008009 -0.961702 -39.492952 4.871106 16.277976 -0.000064 -22.704778 -0.000013 11.179596 12.213511 24.220328 -0.000000 0.000000 0.000000 -22.959139 0.001017 -2.321641 43.814103 -8.297518 -12.217763 0.000000 -30.598597 0.000000 -13.118091 10.186984 -16.370915 0.000000 -0.000000 -0.000000 -5.938076 -15.285261 -4.562829 0.000000 33.033981 0.000000 -1.305814 -2.948205 -10.346523 0.496728 -10.127288 0.239108 -8.804440 20.822001 -5.057940 -0.000000 9.726953 -0.000000 6.077267 -15.258261 10.885244 -0.000000 0.000000 0.000000 
0.008958 0.815122 2.539958 4.787521 -14.565674 5.854839 -5.436952 9.034576 -6.733684 0.000000 12.937968 0.000000 -0.000000 -0.000000 0.000000 0.000000 -0.000000 0.000000 0.193256 -8.277110 1.850619 24.053344 0.006192 -1.165353 -39.687003 5.072962 16.142659 -0.000064 -22.707376 -0.000013 11.115176 12.179013 24.216892 -0.000000 -0.000000 -0.000000 -22.781471 0.001245 -2.685439 44.052660 -8.888419 -12.232901 0.000000 -31.028511 -0.000000 -13.148723 9.909389 -16.127493 -0.000000 0.000000 -0.000000 -6.207827 -14.858977 -5.243344 0.000000 29.704840 0.000000 -0.769246 -3.122804 -9.440420 0.479667 -10.304189 0.215465 -8.816731 22.002815 -4.993130 -0.000000 9.687329 -0.000000 6.050707 -16.120809 10.500999 -0.000000 -0.000000 0.000000 
0.008965 0.812517 2.551752 5.082169 -14.800413 6.309599 -5.845282 9.116839 -7.065597 0.000000 13.249903 0.000000 -0.000000 0.000000 -0.000000 -0.000000 0.000000 0.000000 0.756600 -7.984722 1.786843 24.421106 0.004200 -1.334841 -39.910452 5.265814 16.032006 -0.000064 -22.708503 -0.000013 11.047193 12.113308 24.052592 -0.000000 0.000000 0.000000 -22.585438 0.001498 -3.016093 44.268546 -9.515378 -12.203517 0.000000 -31.386721 -0.000000 -13.184310 9.622949 -15.893889 0.000000 0.000000 0.000000 -6.505658 -14.395925 -5.979119 0.000000 26.398761 0.000000 -0.063931 -3.162378 -8.357424 0.461609 -10.631956 0.186564 -8.849782 23.151112 -4.918902 0.000000 9.709237 0.000000 6.011614 -17.020031 10.112514 -0.000000 0.000000 0.000000 
0.009088 0.810944 2.563701 5.434619 -14.922541 6.810027 -6.307001 9.105199 -7.412950 -0.000000 13.525072 -0.000000 0.000000 0.000000 0.000000 0.000000 0.000000 0.000000 1.345004 -7.662616 1.774336 24.790320 0.002180 -1.567484 -40.130881 5.423794 15.947071 -0.000064 -22.692721 -0.000013 11.284142 12.074809 23.498028 0.000000 -0.000000 0.000000 -22.386287 0.001757 -3.378093 44.472155 -10.072552 -12.159994 0.000000 -31.729574 0.000000 -13.200338 9.458694 -15.700339 -0.000000 0.000000 -0.000000 -6.883455 -13.980355 -6.822709 0.000000 23.211587 0.000000 0.775394 -3.298770 -7.139632 0.446376 -10.541298 0.171716 -8.916680 24.109623 -4.842676 -0.000000 9.832873 -0.000000 5.825280 -17.343877 9.624452 0.013806 -0.601758 0.000073 
0.009037 0.809288 2.575862 5.761706 -15.074655 7.248690 -6.765347 9.112381 -7.698601 -0.000000 13.784863 0.000000 -0.000000 0.000000 0.000000 0.000000 0.000000 0.000000 1.961900 -7.318299 1.753170 25.177342 0.000042 -1.743264 -40.370271 5.636792 15.878000 -0.000064 -22.701923 -0.000013 11.132408 11.894802 23.354426 -0.000000 -0.000000 0.000000 -22.193088 0.002011 -3.648677 44.661134 -10.711186 -12.147043 0.000000 -31.986765 -0.000000 -13.186976 9.258838 -15.566507 -0.000000 0.000000 -0.000000 -7.183985 -13.477208 -7.696431 0.000000 20.071248 -0.000000 1.375415 -3.422573 -5.793795 0.430499 -10.554193 0.153311 -8.948525 25.087842 -4.670565 -0.000000 9.995900 -0.000000 5.600325 -17.649845 9.083504 0.029020 -1.264703 0.000320 
0.008889 0.807427 2.588091 6.089031 -15.211732 7.677604 -7.243394 9.100787 -7.960195 -0.000000 14.022994 -0.000000 -0.000000 -0.000000 -0.000000 -0.000000 -0.000000 -0.000000 2.617151 -6.907754 1.747347 25.605800 -0.002347 -1.945712 -40.636941 5.813557 15.784846 -0.000064 -22.715784 -0.000013 11.038575 11.714863 22.954349 -0.000000 0.000000 -0.000000 -21.989832 0.002281 -3.937775 44.843031 -11.253984 -12.098571 -0.000000 -32.229778 -0.000000 -13.172852 8.973279 -15.565454 0.000000 -0.000000 -0.000000 -7.467352 -12.941179 -8.647035 -0.000000 16.986235 0.000000 1.858159 -3.487648 -4.422003 0.418991 -9.917723 0.157346 -8.965470 26.039354 -4.514825 -0.000000 10.199395 -0.000000 5.366035 -17.970272 8.555024 0.044467 -1.937479 0.000752 
0.008620 0.805485 2.600365 6.422797 -15.320813 8.096726 -7.750075 9.061791 -8.208510 0.000000 14.268763 0.000000 -0.000000 0.000000 -0.000000 0.000000 0.000000 0.000000 3.324391 -6.496352 1.767544 26.041011 -0.004795 -2.133142 -40.881393 5.972927 15.682357 -0.000063 -22.652165 -0.000013 11.322024 11.966923 23.186435 0.000000 -0.000000 -0.000000 -21.774485 0.002569 -4.185464 45.002589 -11.797531 -12.020575 -0.000000 -32.496423 0.000000 -13.156127 8.925126 -15.550635 -0.000000 0.000000 -0.000000 -7.749855 -12.430426 -9.677148 -0.000000 14.078342 -0.000000 2.477217 -3.559903 -2.804555 0.397162 -10.827797 0.107676 -8.962021 26.974789 -4.301939 0.000000 10.383675 -0.000000 5.093589 -18.241530 7.948458 0.060968 -2.655560 0.001413 
0.008258 0.803558 2.612836 6.756641 -15.424570 8.474096 -8.275130 8.988594 -8.387989 0.000000 14.540178 0.000000 0.000000 -0.000000 0.000000 0.000000 -0.000000 0.000000 4.059462 -6.120974 1.846243 26.482417 -0.007302 -2.320231 -41.114924 6.119899 15.578701 -0.000063 -22.559105 -0.000013 11.223375 11.794804 23.133342 -0.000000 -0.000000 -0.000000 -21.546100 0.002876 -4.388981 45.131322 -12.375389 -11.972940 -0.000000 -32.711404 0.000000 -13.126093 8.861834 -15.587639 -0.000000 -0.000000 -0.000000 -7.982913 -11.934807 -10.760497 -0.000000 11.378005 0.000000 2.882280 -3.815860 -1.328434 0.381594 -10.816517 0.089908 -8.941005 27.924492 -3.942255 0.000000 10.537662 -0.000000 4.761109 -18.401814 7.202086 0.080113 -3.487621 0.002439 
0.007715 0.801546 2.625200 7.023196 -15.473735 8.849624 -8.733377 8.888062 -8.601898 -0.000000 14.759682 0.000000 -0.000000 0.000000 0.000000 -0.000000 0.000000 -0.000000 4.794414 -5.711839 1.911813 26.911740 -0.009762 -2.483977 -41.343231 6.265764 15.478111 -0.000063 -22.479325 -0.000013 11.203789 11.650815 22.979967 -0.000000 0.000000 0.000000 -21.334212 0.003165 -4.609686 45.251050 -12.842436 -11.877724 -0.000000 -32.947836 -0.000000 -13.045973 8.846451 -15.673567 0.000000 -0.000000 -0.000000 -8.108964 -11.532451 -11.839365 0.000000 8.898879 0.000000 3.113326 -4.127298 -0.105635 0.370672 -10.144562 0.095573 -8.824174 28.792680 -3.650287 0.000000 10.723652 -0.000000 4.419119 -18.567176 6.474150 0.099236 -4.317278 0.003741 
0.006955 0.799549 2.637717 7.261645 -15.501561 9.132249 -9.188201 8.749567 -8.700379 0.000000 14.939666 0.000000 0.000000 -0.000000 0.000000 0.000000 -0.000000 0.000000 5.498799 -5.283408 1.881819 27.367937 -0.012397 -2.660062 -41.566632 6.415666 15.315718 -0.000062 -22.345219 -0.000012 11.172718 11.685183 23.140959 -0.000000 -0.000000 0.000000 -21.139096 0.003433 -4.808088 45.367239 -13.279839 -11.803511 0.000000 -33.146640 0.000000 -12.989992 8.843310 -15.806432 -0.000000 -0.000000 -0.000000 -8.149743 -11.187930 -12.703355 0.000000 6.651603 0.000000 3.615441 -4.370569 0.888151 0.355283 -10.126936 0.078143 -8.679577 29.664155 -3.185339 -0.000000 10.849262 -0.000000 4.018093 -18.618907 5.618518 0.120676 -5.245264 0.005528 
0.006014 0.797573 2.650305 7.433568 -15.531291 9.407961 -9.571616 8.618765 -8.825459 -0.000000 15.113549 0.000000 -0.000000 0.000000 -0.000000 -0.000000 0.000000 -0.000000 6.222175 -4.849187 1.940973 27.810330 -0.014976 -2.798592 -41.769471 6.562964 15.151479 -0.000062 -22.189043 -0.000012 11.099005 11.640637 23.209000 0.000000 -0.000000 0.000000 -20.954254 0.003690 -4.997311 45.469292 -13.653476 -11.723912 -0.000000 -33.353019 -0.000000 -12.856591 8.862329 -15.975884 -0.000000 0.000000 -0.000000 -8.097849 -10.875746 -13.392484 -0.000000 4.663341 -0.000000 4.436644 -4.519881 1.498264 0.339457 -10.181371 0.058088 -8.443114 30.515270 -2.820571 0.000000 11.004382 -0.000000 3.612875 -18.606918 4.829520 0.143745 -6.240724 0.007836 
0.004970 0.795663 2.662878 7.526992 -15.538160 9.628336 -9.853083 8.491910 -8.928651 -0.000000 15.212186 0.000000 0.000000 0.000000 -0.000000 -0.000000 0.000000 -0.000000 6.843739 -4.434243 1.962234 28.226081 -0.017424 -2.922544 -41.962947 6.716546 14.956907 -0.000061 -22.020178 -0.000012 11.092339 11.658859 23.127221 0.000000 -0.000000 -0.000000 -20.847854 0.003845 -5.141461 45.593923 -13.982052 -11.658269 -0.000000 -33.560234 0.000000 -12.776459 8.900979 -16.174631 -0.000000 -0.000000 -0.000000 -7.955293 -10.649762 -13.833591 -0.000000 2.999666 -0.000000 5.435122 -4.593527 1.719725 0.323927 -10.199589 0.039276 -8.143435 31.301120 -2.541063 0.000000 11.204279 -0.000000 3.219522 -18.511844 4.148611 0.168986 -7.325495 0.010817 
0.003884 0.793887 2.675666 7.556442 -15.571858 9.836434 -10.031947 8.412882 -9.065884 -0.000000 15.250629 0.000000 -0.000000 0.000000 0.000000 -0.000000 0.000000 0.000000 7.396321 -4.007963 1.983719 28.599379 -0.019650 -3.031524 -42.136826 6.861225 14.757759 -0.000061 -21.809690 -0.000012 10.891688 11.642651 23.236921 -0.000000 -0.000000 0.000000 -20.791380 0.003934 -5.267269 45.716284 -14.200607 -11.573869 0.000000 -33.793046 -0.000000 -12.719839 8.905922 -16.379965 -0.000000 -0.000000 -0.000000 -7.772362 -10.423567 -14.211201 0.000000 1.692020 0.000000 6.505183 -4.635129 1.746247 0.307451 -10.359928 0.015217 -7.773839 32.094539 -2.409237 -0.000000 11.428780 -0.000000 2.844706 -18.275589 3.605865 0.197746 -8.555120 0.014791 
0.002799 0.792201 2.688643 7.490593 -15.625978 10.019849 -10.059443 8.336065 -9.246483 0.000000 15.279349 0.000000 0.000000 -0.000000 0.000000 0.000000 -0.000000 -0.000000 7.803803 -3.616221 2.040024 28.881564 -0.021369 -3.098621 -42.258370 6.994433 14.556498 -0.000060 -21.535816 -0.000011 10.807238 11.658282 23.315575 -0.000000 -0.000000 0.000000 -20.795763 0.003941 -5.377900 45.844315 -14.339301 -11.542537 0.000000 -34.048507 -0.000000 -12.622548 8.916697 -16.527353 -0.000000 -0.000000 0.000000 -7.543018 -10.257108 -14.609824 0.000000 0.888764 -0.000000 7.329282 -4.722426 1.781116 0.292032 -10.375934 -0.003653 -7.302529 32.869035 -2.342010 -0.000000 11.708949 0.000000 2.478323 -17.948525 3.117161 0.229480 -9.902692 0.019881 
0.001743 0.790512 2.701741 7.346352 -15.696059 10.120846 -9.950840 8.313618 -9.394419 -0.000000 15.184218 0.000000 -0.000000 0.000000 0.000000 -0.000000 0.000000 -0.000000 8.024568 -3.264722 2.176879 29.074706 -0.022585 -3.168324 -42.337827 7.157748 14.280784 -0.000059 -21.290169 -0.000011 10.696080 11.709967 23.306905 -0.000000 -0.000000 -0.000000 -20.861159 0.003865 -5.434959 45.929750 -14.398152 -11.533870 0.000000 -34.298968 0.000000 -12.545888 8.924419 -16.690036 0.000000 0.000000 0.000000 -7.290165 -10.190395 -14.867498 0.000000 0.634697 0.000000 7.648426 -4.749764 1.899503 0.271267 -11.117579 -0.049588 -6.803905 33.631849 -2.373574 0.000000 12.015778 -0.000000 2.150050 -17.529220 2.805673 0.263943 -11.353630 0.026237 
0.000817 0.788958 2.714926 7.133099 -15.740496 10.187571 -9.716980 8.264783 -9.572756 0.000000 15.055467 0.000000 0.000000 0.000000 -0.000000 0.000000 -0.000000 0.000000 8.131254 -2.891317 2.205635 29.190069 -0.023359 -3.195070 -42.393716 7.331150 13.999346 -0.000058 -21.014050 -0.000011 10.542498 11.724276 23.445736 -0.000000 -0.000000 -0.000000 -21.027358 0.003651 -5.399603 46.032331 -14.449953 -11.584232 -0.000000 -34.533897 -0.000000 -12.478194 8.889905 -16.836897 0.000000 -0.000000 -0.000000 -7.033918 -10.297861 -15.284716 0.000000 1.031232 0.000000 7.127048 -4.920538 2.023216 0.258316 -10.818625 -0.056924 -6.251987 34.316796 -2.387612 -0.000000 12.384619 -0.000000 1.823630 -16.969907 2.482092 0.302680 -12.967031 0.034398 
-0.000097 0.787438 2.728181 6.855529 -15.763650 10.158816 -9.386317 8.157021 -9.694702 -0.000000 14.937250 -0.000000 -0.000000 0.000000 -0.000000 -0.000000 0.000000 -0.000000 8.109812 -2.573249 2.254950 29.223511 -0.023660 -3.201543 -42.415005 7.514249 13.731065 -0.000058 -20.788146 -0.000011 10.392300 11.766195 23.383752 -0.000000 -0.000000 0.000000 -21.205323 0.003419 -5.366282 46.078361 -14.415638 -11.613372 -0.000000 -34.780997 0.000000 -12.464035 8.840672 -16.961146 -0.000000 -0.000000 -0.000000 -6.736977 -10.506243 -15.426428 0.000000 1.829606 0.000000 6.337279 -4.974978 1.686153 0.245316 -10.529424 -0.064527 -5.707968 34.917333 -2.464532 -0.000000 12.837424 0.000000 1.523691 -16.288599 2.318354 0.345744 -14.736313 0.044709 
-0.000975 0.786006 2.741684 6.506592 -15.760692 10.050323 -8.946824 7.972692 -9.796603 -0.000000 14.807631 -0.000000 -0.000000 0.000000 0.000000 -0.000000 0.000000 0.000000 7.904112 -2.269595 2.299587 29.136146 -0.023254 -3.181388 -42.307636 7.660151 13.256454 -0.000057 -20.387609 -0.000010 10.288420 11.861367 23.702115 -0.000000 -0.000000 -0.000000 -21.430709 0.003119 -5.248044 46.099420 -14.343464 -11.723500 -0.000000 -35.021555 0.000000 -12.489160 8.742800 -17.037371 -0.000000 -0.000000 -0.000000 -6.379856 -10.788771 -15.399980 0.000000 2.983134 0.000000 5.439714 -5.057795 0.929100 0.233399 -10.093013 -0.066457 -5.155030 35.448781 -2.596292 -0.000000 13.347886 -0.000000 1.236080 -15.431827 2.282973 0.394601 -16.709193 0.057950 
-0.001885 0.784624 2.755413 6.061967 -15.757011 9.843686 -8.376520 7.736205 -9.858858 -0.000000 14.674930 -0.000000 0.000000 0.000000 -0.000000 0.000000 0.000000 -0.000000 7.564863 -2.026835 2.385211 29.002148 -0.022568 -3.147672 -42.272446 7.907578 13.093399 -0.000056 -20.220143 -0.000010 10.105503 12.008606 23.737129 -0.000000 -0.000000 -0.000000 -21.675665 0.002790 -5.105422 46.046268 -14.167406 -11.776458 -0.000000 -35.286165 -0.000000 -12.501042 8.695467 -17.121399 0.000000 -0.000000 0.000000 -5.905755 -11.057216 -15.156074 0.000000 4.286515 0.000000 4.461139 -5.073475 -0.119690 0.222392 -9.518018 -0.062970 -4.556770 35.926036 -2.647927 0.000000 13.929676 -0.000000 0.932587 -14.425830 2.241852 0.449308 -18.870763 0.074668 
-0.002852 0.783366 2.769293 5.530004 -15.738945 9.535979 -7.692970 7.449117 -9.873568 -0.000000 14.564879 -0.000000 -0.000000 0.000000 -0.000000 -0.000000 0.000000 -0.000000 7.102673 -1.869751 2.490223 28.759501 -0.021231 -3.080852 -42.126547 8.071075 12.729424 -0.000055 -19.905211 -0.000010 9.990645 12.046278 23.870499 0.000000 0.000000 0.000000 -21.948188 0.002419 -4.909784 45.967443 -13.963763 -11.833257 -0.000000 -35.540109 0.000000 -12.576841 8.640259 -17.231964 0.000000 0.000000 -0.000000 -5.320678 -11.323829 -14.758840 -0.000000 5.703704 0.000000 3.352277 -4.914083 -1.393050 0.212308 -8.778545 -0.053024 -3.927048 36.293714 -2.599272 -0.000000 14.644291 -0.000000 0.605603 -13.217328 2.179297 0.512244 -21.290055 0.096281 
-0.003929 0.782275 2.783282 4.902495 -15.719464 9.158678 -6.886533 7.120983 -9.860316 -0.000000 14.471422 0.000000 -0.000000 0.000000 -0.000000 -0.000000 0.000000 -0.000000 6.509373 -1.761771 2.543292 28.528614 -0.019951 -2.978049 -42.066539 8.298262 12.456580 -0.000055 -19.737123 -0.000009 9.902563 12.134848 23.843048 0.000000 0.000000 0.000000 -22.273112 0.001972 -4.642247 45.872774 -13.771241 -11.884560 -0.000000 -35.714021 0.000000 -12.755370 8.526230 -17.383209 0.000000 -0.000000 -0.000000 -4.614939 -11.546955 -14.257093 -0.000000 7.169970 0.000000 2.397936 -4.275699 -2.758314 0.197369 -8.792272 -0.071683 -3.232314 36.560298 -2.513450 0.000000 15.486949 -0.000000 0.254321 -11.788694 2.118353 0.584458 -23.970792 0.124076 
-0.005113 0.781224 2.797476 4.234454 -15.656917 8.728652 -6.039160 6.689812 -9.817958 0.000000 14.413514 0.000000 -0.000000 0.000000 0.000000 0.000000 -0.000000 0.000000 5.846284 -1.672692 2.659489 28.238464 -0.018305 -2.832715 -41.965509 8.569625 12.231117 -0.000054 -19.617388 -0.000009 9.855038 12.229304 23.644359 -0.000000 -0.000000 -0.000000 -22.581197 0.001544 -4.383634 45.735226 -13.442308 -11.907176 0.000000 -35.938302 0.000000 -12.863727 8.430035 -17.464788 -0.000000 0.000000 -0.000000 -3.835339 -11.718846 -13.745183 0.000000 8.547947 0.000000 1.455049 -3.306525 -3.888964 0.183957 -8.573247 -0.081403 -2.511078 36.683936 -2.309084 -0.000000 16.477879 -0.000000 -0.127755 -10.110857 1.961158 0.668355 -26.950546 0.160155 
-0.006495 0.781498 2.812550 3.504937 -15.584479 8.284799 -5.103022 6.266024 -9.760199 -0.000000 14.307789 0.000000 -0.000000 -0.000000 0.000000 -0.000000 -0.000000 0.000000 5.130121 -1.610789 2.794486 27.950815 -0.016657 -2.709083 -41.888476 8.826835 12.041974 -0.000054 -19.480358 -0.000009 9.792271 12.265448 23.487276 0.000000 0.000000 -0.000000 -22.949140 0.001029 -4.083507 45.613023 -13.060992 -11.898855 0.000000 -36.157515 0.000000 -13.062640 8.401595 -17.502107 0.000000 -0.000000 0.000000 -2.951222 -11.730892 -13.492094 -0.000000 9.683051 0.000000 0.496368 -2.148926 -4.690677 0.168445 -8.696587 -0.104352 -1.698695 36.691691 -2.029805 0.000000 17.678519 0.000000 -0.316066 -8.357573 1.675284 0.620837 -29.010783 0.073457 
-0.008073 0.782052 2.827576 2.684419 -15.496949 7.792356 -4.061209 5.827884 -9.683378 -0.000000 14.206460 -0.000000 -0.000000 0.000000 -0.000000 -0.000000 0.000000 -0.000000 4.358039 -1.608257 2.946270 27.711708 -0.015288 -2.505332 -41.897744 9.148124 11.911163 -0.000054 -19.430882 -0.000009 9.716213 12.228896 23.195621 -0.000000 -0.000000 -0.000000 -23.363961 0.000442 -3.739761 45.527309 -12.693986 -11.957130 -0.000000 -36.287417 -0.000000 -13.240605 8.342980 -17.435851 0.000000 0.000000 -0.000000 -1.957553 -11.658310 -13.232015 0.000000 10.492240 -0.000000 -0.140691 -0.623399 -5.005416 0.157706 -8.059196 -0.097682 -0.787121 36.480336 -1.626058 0.000000 19.138606 0.000000 -0.472978 -6.219911 1.303917 0.562796 -31.394471 -0.029209 
-0.009799 0.782887 2.842384 1.819563 -15.330945 7.290047 -2.974890 5.329939 -9.565896 -0.000000 14.106645 0.000000 0.000000 0.000000 -0.000000 0.000000 0.000000 -0.000000 3.575962 -1.658961 3.068747 27.537508 -0.014299 -2.335420 -41.985830 9.387817 11.785133 -0.000053 -19.359074 -0.000009 9.798925 12.251970 22.851699 -0.000000 -0.000000 0.000000 -23.826519 -0.000217 -3.387736 45.475186 -12.329009 -12.001205 -0.000000 -36.328140 0.000000 -13.446055 8.283987 -17.428965 -0.000000 -0.000000 -0.000000 -0.927719 -11.675443 -12.836055 0.000000 11.454450 0.000000 -0.328104 0.730406 -4.693239 0.147548 -7.283017 -0.085375 0.191837 35.930413 -1.145793 -0.000000 20.927197 -0.000000 -0.540682 -3.674203 0.869505 0.493877 -33.987645 -0.146047 
-0.011746 0.784006 2.856881 0.899074 -15.110155 6.776690 -1.832558 4.836445 -9.396483 -0.000000 13.985760 0.000000 -0.000000 0.000000 0.000000 -0.000000 0.000000 0.000000 2.839456 -1.837436 3.174995 27.395265 -0.013496 -2.168018 -42.097774 9.579298 11.717717 -0.000053 -19.293985 -0.000009 9.814303 12.106288 22.519559 0.000000 0.000000 -0.000000 -24.267166 -0.000851 -3.061353 45.385230 -11.957386 -11.984396 -0.000000 -36.284545 -0.000000 -13.658939 8.254544 -17.376243 0.000000 -0.000000 -0.000000 0.193088 -11.829023 -12.102523 0.000000 12.675929 -0.000000 -0.692311 1.549394 -4.472957 0.133117 -7.267196 -0.102692 1.274646 35.034285 -0.594513 -0.000000 23.085318 -0.000000 -0.702473 -0.830161 0.390927 0.423260 -36.325760 -0.260020 
-0.013857 0.785349 2.871238 -0.077072 -14.855111 6.235031 -0.643033 4.334820 -9.160739 -0.000000 13.864333 -0.000000 -0.000000 -0.000000 0.000000 -0.000000 -0.000000 0.000000 2.155305 -2.062195 3.245402 27.265494 -0.012761 -2.039517 -42.229081 9.686285 11.712627 -0.000053 -19.229629 -0.000009 9.874074 12.011294 22.107456 -0.000000 -0.000000 -0.000000 -24.623828 -0.001370 -2.708777 45.157692 -11.609189 -11.937797 -0.000000 -36.140109 -0.000000 -13.760894 8.240341 -17.375883 -0.000000 0.000000 -0.000000 1.404575 -12.067313 -11.053952 0.000000 14.048047 0.000000 -0.741794 2.103786 -4.552591 0.120269 -6.968500 -0.108843 2.461114 33.858282 0.073629 -0.000000 25.546815 -0.000000 -0.837119 2.438827 -0.139388 0.360299 -38.124806 -0.357282 
-0.015928 0.786797 2.885346 -1.088603 -14.556514 5.764893 0.593834 3.798462 -8.993774 0.000000 13.768364 -0.000000 -0.000000 -0.000000 0.000000 0.000000 0.000000 0.000000 1.509367 -2.310937 3.393792 27.020607 -0.011313 -1.871535 -42.250950 9.765714 11.690938 -0.000053 -19.186914 -0.000009 9.902454 11.857520 21.700248 -0.000000 0.000000 -0.000000 -24.853346 -0.001710 -2.420222 44.754227 -11.175479 -11.775871 0.000000 -35.945768 -0.000000 -13.797791 8.328502 -17.443822 -0.000000 -0.000000 -0.000000 2.659310 -12.305237 -10.020887 -0.000000 15.347185 0.000000 -0.757372 2.678175 -4.988667 0.108386 -6.480775 -0.107384 3.788323 32.371916 0.749151 -0.000000 28.385981 -0.000000 -0.886695 5.776648 -0.678940 0.320441 -38.985985 -0.416017 
-0.017775 0.788298 2.899266 -2.009375 -14.359378 5.308214 1.739996 3.446779 -8.789493 -0.000000 13.651739 0.000000 -0.000000 0.000000 -0.000000 -0.000000 0.000000 -0.000000 0.978853 -2.586894 3.517940 26.688185 -0.009312 -1.677612 -42.186686 9.711292 11.873480 -0.000053 -19.059285 -0.000009 9.889218 11.831473 21.617725 -0.000000 0.000000 -0.000000 -24.877225 -0.001757 -2.069815 44.091763 -10.873276 -11.574248 -0.000000 -35.580129 -0.000000 -13.804592 8.435833 -17.571860 0.000000 -0.000000 -0.000000 3.831681 -12.338538 -9.038474 -0.000000 16.444941 0.000000 -0.575798 3.411363 -5.630148 0.094820 -6.327769 -0.119122 4.982259 30.846951 1.285554 0.000000 31.474870 -0.000000 -1.166949 8.811225 -0.896726 0.358410 -37.109995 -0.351186 
-0.019617 0.789769 2.912830 -2.912099 -14.119043 4.937410 2.877909 3.166654 -8.628225 -0.000000 13.403200 0.000000 -0.000000 0.000000 -0.000000 -0.000000 0.000000 0.000000 0.519371 -2.803239 3.674223 26.290663 -0.006889 -1.541238 -42.036007 9.669098 11.950457 -0.000053 -19.119137 -0.000009 9.896791 11.820220 21.361772 0.000000 0.000000 -0.000000 -24.784732 -0.001636 -1.833860 43.335575 -10.381579 -11.310515 -0.000000 -35.241606 -0.000000 -13.796597 8.598099 -17.666034 -0.000000 -0.000000 -0.000000 4.965095 -12.316889 -8.307785 0.000000 17.371022 0.000000 -0.638514 4.063553 -6.157475 0.082746 -5.868181 -0.118515 6.212885 29.099021 1.673548 -0.000000 34.768913 -0.000000 -1.222258 11.836948 -1.043299 0.423707 -33.938769 -0.235433 
-0.021320 0.791226 2.926160 -3.695698 -13.883843 4.556342 3.856807 2.925107 -8.411817 -0.000000 13.166075 -0.000000 0.000000 0.000000 0.000000 -0.000000 0.000000 -0.000000 0.150354 -2.973085 3.839556 25.881112 -0.004371 -1.376719 -41.853719 9.538697 12.085652 -0.000053 -19.149140 -0.000009 9.892973 11.942968 21.422853 -0.000000 -0.000000 -0.000000 -24.563358 -0.001326 -1.578381 42.466250 -9.925460 -11.013536 -0.000000 -34.813556 0.000000 -13.746356 8.836926 -17.773380 -0.000000 -0.000000 -0.000000 5.985071 -12.270987 -7.772015 0.000000 18.346396 0.000000 -1.304376 4.061689 -6.291807 0.074492 -4.421585 -0.078026 7.256189 27.259867 1.926954 -0.000000 38.130261 -0.000000 -1.652073 14.714451 -0.918844 0.478780 -30.760773 -0.127353 
-0.023021 0.792742 2.939463 -4.380834 -13.684944 4.055148 4.685421 2.752097 -8.010406 -0.000000 12.947391 -0.000000 -0.000000 0.000000 -0.000000 -0.000000 -0.000000 -0.000000 -0.058753 -3.142820 3.992091 25.506775 -0.002051 -1.263541 -41.673472 9.336306 12.377385 -0.000053 -19.193435 -0.000009 9.752148 11.919609 21.342180 -0.000000 -0.000000 -0.000000 -24.279304 -0.000921 -1.335487 41.615003 -9.466822 -10.792923 -0.000000 -34.341643 -0.000000 -13.672161 9.070889 -17.822723 -0.000000 -0.000000 -0.000000 6.958816 -12.096802 -7.283726 -0.000000 19.278993 0.000000 -2.301648 3.644041 -6.163826 0.061241 -4.179655 -0.085705 8.129826 25.444478 2.313623 -0.000000 41.405460 0.000000 -1.869610 17.661313 -0.690926 0.532330 -27.141411 -0.009748 
-0.024774 0.794423 2.952234 -5.029436 -13.501731 3.706093 5.465384 2.673969 -7.725942 -0.000000 12.715352 -0.000000 -0.000000 0.000000 -0.000000 -0.000000 0.000000 0.000000 -0.193456 -3.386710 4.145501 25.228856 -0.000317 -1.121780 -41.566312 9.030528 12.541774 -0.000053 -19.231479 -0.000009 9.678912 12.004674 21.615664 -0.000000 0.000000 0.000000 -24.040090 -0.000579 -1.135502 40.906091 -9.042186 -10.583215 -0.000000 -33.837837 -0.000000 -13.664877 9.364501 -17.640483 0.000000 0.000000 -0.000000 7.882172 -11.727204 -6.764468 -0.000000 19.891706 0.000000 -2.680528 2.991126 -6.306000 0.050910 -2.949857 -0.053228 9.011680 23.467665 2.456820 -0.000000 44.698992 -0.000000 -2.289078 20.725836 -0.279043 0.574120 -23.618859 0.097792 
-0.026412 0.796306 2.964991 -5.600676 -13.364376 3.289431 6.140009 2.644340 -7.323031 -0.000000 12.524865 0.000000 0.000000 0.000000 -0.000000 0.000000 0.000000 -0.000000 -0.208039 -3.606633 4.273721 25.022952 0.000978 -0.989401 -41.523874 8.690997 12.802013 -0.000053 -19.333966 -0.000009 9.526987 12.019975 21.539638 0.000000 -0.000000 0.000000 -23.842470 -0.000296 -0.991344 40.328818 -8.597041 -10.479087 0.000000 -33.280605 -0.000000 -13.669700 9.595144 -17.400415 0.000000 0.000000 0.000000 8.757623 -11.260605 -6.200568 0.000000 20.447635 -0.000000 -3.206398 2.324549 -6.588512 0.039429 -1.813742 -0.024125 9.765020 21.544287 2.696469 -0.000000 47.832441 -0.000000 -2.659548 23.543990 0.307778 0.606174 -20.181464 0.197615 
-0.028145 0.798416 2.977617 -6.187455 -13.294815 2.858523 6.816599 2.728853 -6.894991 -0.000000 12.338259 0.000000 0.000000 0.000000 -0.000000 -0.000000 -0.000000 0.000000 -0.184404 -3.920493 4.354781 24.900613 0.001755 -0.861211 -41.567619 8.302818 13.017262 -0.000054 -19.460959 -0.000009 9.397453 11.983780 21.534586 -0.000000 0.000000 -0.000000 -23.710217 -0.000106 -0.829763 39.881158 -8.224579 -10.480657 -0.000000 -32.664107 0.000000 -13.635483 9.834322 -17.051366 0.000000 0.000000 -0.000000 9.675672 -10.592597 -5.654475 -0.000000 20.774130 0.000000 -3.804005 1.671736 -6.832541 0.026575 -1.141050 -0.013535 10.515411 19.709372 2.903445 -0.000000 50.777226 -0.000000 -2.858019 25.713589 0.939928 0.632396 -16.565878 0.299547 
-0.029543 0.799761 2.989660 -6.699594 -13.240226 2.485791 7.427279 2.811475 -6.491707 -0.000000 12.215839 0.000000 0.000000 0.000000 -0.000000 0.000000 0.000000 -0.000000 -0.153423 -4.246614 4.404203 24.823080 0.002253 -0.728962 -41.669855 7.838197 13.174969 -0.000054 -19.598048 -0.000009 9.290913 11.964148 21.402479 -0.000000 -0.000000 0.000000 -23.670393 -0.000053 -0.806220 39.612751 -7.760590 -10.563913 -0.000000 -32.067007 0.000000 -13.610058 10.023280 -16.576220 -0.000000 0.000000 0.000000 10.470784 -9.842521 -5.287102 0.000000 20.890726 0.000000 -4.446376 1.084420 -6.998762 0.013616 -0.265981 0.005646 11.140807 17.929643 3.036919 0.000000 53.530633 -0.000000 -2.901698 26.637978 1.605700 0.632709 -15.210266 0.328381 
-0.030816 0.801277 3.001645 -7.165719 -13.275039 2.184581 7.983477 2.997429 -6.130918 -0.000000 12.099146 0.000000 -0.000000 0.000000 0.000000 -0.000000 0.000000 -0.000000 -0.086453 -4.529453 4.396104 24.801816 0.002396 -0.593843 -41.830988 7.346101 13.353324 -0.000055 -19.749526 -0.000010 9.248458 11.912915 21.435563 -0.000000 -0.000000 -0.000000 -23.642325 -0.000017 -0.743589 39.412097 -7.408226 -10.795848 -0.000000 -31.383560 -0.000000 -13.681812 10.251754 -16.085598 0.000000 -0.000000 -0.000000 11.166625 -8.900857 -5.117132 -0.000000 20.806255 0.000000 -5.109605 0.646192 -7.080951 -0.000000 0.000000 -0.000000 11.708268 16.222062 3.072538 -0.000000 56.204997 -0.000000 -2.776792 25.890627 2.139686 0.619034 -15.401710 0.308552 
-0.031809 0.803157 3.013403 -7.546437 -13.294767 1.974629 8.458976 3.147031 -5.814183 -0.000000 12.019277 -0.000000 -0.000000 0.000000 -0.000000 0.000000 0.000000 -0.000000 0.001322 -4.835684 4.398699 24.801767 0.002405 -0.473267 -42.023162 6.815642 13.458813 -0.000055 -19.945335 -0.000010 9.043434 11.676400 21.271993 0.000000 -0.000000 -0.000000 -23.680199 -0.000079 -0.702409 39.321599 -7.071437 -11.137254 -0.000000 -30.678345 0.000000 -13.692929 10.446832 -15.705289 0.000000 -0.000000 0.000000 11.669551 -7.867296 -5.139391 0.000000 20.539738 0.000000 -5.187681 -0.106189 -7.007533 -0.000000 0.000000 -0.000000 12.146435 14.428903 3.013669 0.000000 58.787646 0.000000 -2.561319 23.801824 2.621997 0.616035 -14.365217 0.327617 
-0.032573 0.805226 3.025059 -7.826494 -13.320961 1.852808 8.822945 3.292400 -5.538954 0.000000 11.949398 0.000000 -0.000000 0.000000 0.000000 0.000000 0.000000 0.000000 0.107941 -5.120848 4.343866 24.843334 0.002146 -0.374501 -42.247982 6.251767 13.535837 -0.000056 -20.153679 -0.000010 9.126116 11.650132 21.318458 -0.000000 0.000000 -0.000000 -23.723593 -0.000150 -0.677661 39.275988 -6.742942 -11.477527 0.000000 -29.954920 0.000000 -13.840508 10.691974 -15.439738 -0.000000 -0.000000 0.000000 12.036761 -6.740578 -5.332068 0.000000 20.090545 0.000000 -5.262209 -0.778199 -6.822230 0.000000 0.000000 -0.000000 12.469286 12.594988 2.909966 -0.000000 61.098009 -0.000000 -2.307562 21.593587 3.038005 0.610187 -13.626923 0.337377 
-0.033130 0.807254 3.036638 -8.013414 -13.316837 1.783153 9.085336 3.397609 -5.274127 -0.000000 11.880597 0.000000 0.000000 0.000000 0.000000 -0.000000 0.000000 0.000000 0.220491 -5.351931 4.290093 24.915130 0.001689 -0.294787 -42.509773 5.687911 13.594350 -0.000057 -20.408459 -0.000010 9.067683 11.487025 21.263061 0.000000 -0.000000 0.000000 -23.761593 -0.000213 -0.666400 39.233112 -6.383634 -11.763292 -0.000000 -29.224242 -0.000000 -13.992797 10.923797 -15.535017 -0.000000 -0.000000 -0.000000 12.285586 -5.646621 -5.612620 0.000000 19.639261 0.000000 -5.325811 -1.451942 -6.572341 -0.000000 0.000000 -0.000000 12.672746 10.715660 2.826761 -0.000000 63.097202 -0.000000 -1.842921 19.690351 3.352619 0.600479 -13.361978 0.332283 
-0.033547 0.809259 3.047946 -8.079610 -13.289651 1.803706 9.194127 3.457916 -5.041718 -0.000000 11.874316 -0.000000 -0.000000 0.000000 -0.000000 -0.000000 0.000000 0.000000 0.413850 -5.638600 4.216562 24.997112 0.001163 -0.198291 -42.735249 5.086492 13.524990 -0.000057 -20.684888 -0.000010 8.974976 11.241278 21.140661 0.000000 -0.000000 0.000000 -23.750023 -0.000202 -0.686640 39.181061 -6.042706 -11.916874 0.000000 -28.524765 -0.000000 -14.247538 11.295324 -15.945122 0.000000 -0.000000 -0.000000 12.417860 -4.589304 -5.871241 0.000000 19.168545 0.000000 -5.362268 -2.095562 -6.395837 -0.000000 0.000000 -0.000000 12.756449 8.761618 2.711993 -0.000000 64.810804 -0.000000 -1.513617 18.128284 3.765641 0.589227 -13.297612 0.320856 
-0.033850 0.811280 3.059249 -8.063153 -13.281312 1.841142 9.197641 3.559385 -4.815731 -0.000000 11.838416 -0.000000 0.000000 -0.000000 -0.000000 0.000000 -0.000000 -0.000000 0.627401 -5.897338 4.148403 25.094575 0.000532 -0.108569 -42.961463 4.490800 13.397904 -0.000058 -21.013920 -0.000011 9.106965 11.173604 20.924534 -0.000000 0.000000 -0.000000 -23.714328 -0.000153 -0.669365 39.115234 -5.703506 -11.992291 -0.000000 -27.827705 0.000000 -14.430676 11.694375 -16.672781 -0.000000 -0.000000 -0.000000 12.464409 -3.479693 -6.165302 0.000000 18.635293 0.000000 -5.389403 -2.710134 -6.182042 -0.000000 -0.000000 -0.000000 12.722405 6.871488 2.603089 -0.000000 66.189338 -0.000000 -1.077831 16.844956 4.113031 0.577776 -13.262960 0.308474 
-0.034141 0.811663 3.070761 -7.994837 -13.257518 1.857050 9.120945 3.589890 -4.557938 -0.000000 11.891264 -0.000000 -0.000000 -0.000000 0.000000 -0.000000 -0.000000 0.000000 0.885038 -6.191326 4.100353 25.176007 -0.000000 -0.049289 -43.131229 3.817735 13.298296 -0.000059 -21.272238 -0.000011 8.918865 10.969973 21.066127 0.000000 -0.000000 0.000000 -23.609984 0.000000 -0.674129 38.994511 -5.318147 -11.975296 -0.000000 -27.190963 -0.000000 -14.537238 12.111946 -17.461968 0.000000 -0.000000 0.000000 12.486057 -3.383267 -6.426100 -0.000000 17.974844 -0.000000 -5.533466 -2.200904 -5.883368 -0.000000 0.000000 -0.000000 12.625316 5.095850 2.521344 -0.000000 67.264653 -0.000000 -0.876790 15.515026 4.642880 0.566371 -13.226937 0.296122 
-0.034369 0.813743 3.081709 -7.814640 -13.241620 1.997718 8.974030 3.609271 -4.314418 0.000000 11.928250 0.000000 -0.000000 0.000000 0.000000 -0.000000 -0.000000 -0.000000 0.843832 -6.388905 3.799903 25.238885 -0.000000 -0.047053 -43.323548 3.103268 13.309929 -0.000060 -21.587483 -0.000011 8.831166 10.987282 20.898996 0.000000 0.000000 -0.000000 -23.590619 0.000005 -0.586862 38.941586 -4.987017 -12.031737 -0.000000 -26.870609 -0.000000 -14.729440 12.478306 -17.970364 -0.000000 0.000000 0.000000 12.414258 -2.296172 -6.519403 -0.000000 17.407180 -0.000000 -5.519228 -2.754915 -5.927939 -0.000000 0.000000 -0.000000 12.393464 3.223932 2.403940 -0.000000 68.529860 -0.000000 -0.542397 14.452930 5.669171 0.556450 -13.006432 0.289753 
-0.034733 0.815719 3.092727 -7.599486 -13.227140 2.152103 8.751664 3.610856 -4.054445 0.000000 11.962267 0.000000 0.000000 0.000000 -0.000000 0.000000 0.000000 -0.000000 0.887702 -6.509694 3.591453 25.341593 -0.000006 -0.005168 -43.529603 2.452723 13.292402 -0.000061 -21.871805 -0.000012 8.766494 10.828584 20.735635 0.000000 0.000000 0.000000 -23.500006 0.000012 -0.574335 38.858157 -4.544239 -12.055363 -0.000000 -26.611267 -0.000000 -14.747423 12.841273 -18.637307 0.000000 0.000000 0.000000 12.332910 -1.190656 -6.568944 -0.000000 16.810428 -0.000000 -5.511637 -3.293581 -6.026295 -0.000000 0.000000 -0.000000 12.142245 1.408068 2.315569 -0.000000 69.507728 0.000000 -0.011149 13.309825 6.554819 0.552737 -11.956715 0.310398 
-0.034876 0.817590 3.103485 -7.316349 -13.171374 2.232811 8.463157 3.622422 -3.698604 -0.000000 11.970222 -0.000000 -0.000000 -0.000000 0.000000 0.000000 -0.000000 -0.000000 0.868074 -6.599314 3.262174 25.423750 -0.000015 0.030983 -43.738583 1.801552 13.289693 -0.000062 -22.236422 -0.000012 8.763634 10.763300 20.423797 0.000000 0.000000 -0.000000 -23.468503 0.000019 -0.508646 38.956222 -4.046821 -12.579220 -0.000000 -26.605706 0.000000 -14.704851 13.031219 -18.767269 0.000000 -0.000000 -0.000000 12.120256 -0.140944 -6.877890 -0.000000 16.242999 0.000000 -5.520688 -3.850754 -5.768965 0.000000 0.000000 -0.000000 11.766656 -0.380298 2.263200 0.000000 70.200921 -0.000000 0.035831 11.984045 7.601833 0.537669 -12.434491 0.281459 
-0.034699 0.819447 3.114401 -6.938710 -13.189162 2.293555 8.085222 3.666161 -3.357739 -0.000000 12.128176 -0.000000 -0.000000 0.000000 -0.000000 -0.000000 0.000000 -0.000000 0.715064 -6.854227 2.785447 25.440584 -0.000022 0.070640 -43.881229 1.005492 13.271144 -0.000063 -22.541024 -0.000013 8.766730 10.753940 20.195988 -0.000000 -0.000000 -0.000000 -23.364810 0.000027 -0.380140 38.851315 -3.799469 -12.572274 -0.000000 -26.287328 -0.000000 -14.934035 13.179635 -19.386642 -0.000000 0.000000 0.000000 11.815448 0.982425 -7.037109 -0.000000 15.711494 0.000000 -5.492257 -4.420889 -5.633376 -0.000000 0.000000 -0.000000 11.255974 -1.988797 2.255978 0.000000 70.588380 -0.000000 0.521536 10.553094 8.508663 0.529462 -11.989264 0.282647 
-0.034696 0.821093 3.125065 -6.649025 -13.129277 2.234844 7.793287 3.735802 -2.918291 -0.000000 12.033936 -0.000000 0.000000 -0.000000 0.000000 -0.000000 -0.000000 -0.000000 0.795356 -6.849919 2.842513 25.418849 -0.000024 0.208572 -44.002646 0.443982 13.312463 -0.000064 -22.780072 -0.000013 8.690670 10.400762 20.217527 0.000000 0.000000 0.000000 -23.313421 0.000036 -0.385839 38.881687 -3.217696 -12.756298 -0.000000 -26.120918 0.000000 -15.074927 13.214353 -19.660141 -0.000000 0.000000 0.000000 11.588530 2.070933 -7.228235 0.000000 15.065378 -0.000000 -5.479500 -4.914113 -5.347721 0.000000 -0.000000 -0.000000 10.817780 -3.608986 2.296556 0.000000 70.728054 -0.000000 0.700535 9.066275 9.509477 0.519494 -11.783069 0.276065 
-0.034526 0.822488 3.135730 -6.312307 -13.094056 2.075860 7.451773 3.827244 -2.405073 -0.000000 12.019950 -0.000000 -0.000000 0.000000 0.000000 -0.000000 -0.000000 0.000000 0.703489 -6.865960 2.653897 25.345565 -0.000018 0.340703 -44.080889 -0.200226 13.232143 -0.000065 -23.231108 -0.000013 8.895022 10.595490 19.785277 -0.000000 0.000000 -0.000000 -23.247521 0.000045 -0.337489 38.915541 -2.696872 -12.957644 0.000000 -26.134326 -0.000000 -15.451202 13.486097 -19.448385 -0.000000 0.000000 -0.000000 11.258667 3.096389 -7.535618 0.000000 14.625046 0.000000 -5.457892 -5.518344 -4.846181 -0.000000 -0.000000 -0.000000 10.321720 -5.099035 2.447876 0.000000 70.599937 -0.000000 1.088763 7.571415 10.400565 0.509115 -11.637507 0.267519 
-0.034210 0.823839 3.146440 -5.943137 -13.083301 1.886377 7.080981 3.954009 -1.888972 -0.000000 11.979080 -0.000000 -0.000000 0.000000 -0.000000 0.000000 0.000000 -0.000000 0.589924 -6.852401 2.492652 25.247799 -0.000003 0.504810 -44.141123 -0.801697 13.343724 -0.000066 -23.470527 -0.000014 8.743146 10.219034 20.173580 -0.000000 0.000000 0.000000 -23.179774 0.000055 -0.246671 38.972907 -2.168148 -13.373317 -0.000000 -26.033292 0.000000 -15.617129 13.299105 -19.570030 -0.000000 -0.000000 0.000000 10.886556 4.188747 -7.810009 -0.000000 14.108958 -0.000000 -5.411089 -6.082446 -4.336119 0.000000 0.000000 -0.000000 9.764038 -6.460940 2.584919 -0.000000 70.149653 0.000000 1.287742 6.084285 11.375224 0.498430 -11.539236 0.257424 
-0.033829 0.825057 3.157224 -5.583488 -13.151521 1.580549 6.718862 4.182629 -1.291183 -0.000000 11.974247 0.000000 -0.000000 0.000000 -0.000000 0.000000 0.000000 -0.000000 0.437737 -6.913309 2.281845 25.112811 0.000025 0.701172 -44.196862 -1.404915 13.295446 -0.000068 -23.979809 -0.000014 8.882319 10.439719 20.010571 0.000000 0.000000 0.000000 -23.115845 0.000066 -0.110997 39.042394 -1.713830 -13.822465 0.000000 -26.042476 0.000000 -15.855364 13.408995 -19.418998 -0.000000 -0.000000 0.000000 10.544278 5.355058 -7.664390 -0.000000 13.609582 -0.000000 -5.344532 -6.615453 -4.147577 0.000000 0.000000 -0.000000 9.221158 -7.637889 2.793825 0.000000 69.473255 -0.000000 1.503143 4.648773 12.254298 0.486604 -11.604522 0.241856 
-0.033355 0.826075 3.167463 -5.237917 -13.055389 1.171266 6.378914 4.285515 -0.590315 0.000000 11.894631 0.000000 -0.000000 0.000000 -0.000000 0.000000 0.000000 0.000000 0.252276 -6.820240 2.141399 24.919473 0.000073 0.922700 -44.211800 -1.970854 13.294469 -0.000069 -24.392901 -0.000015 8.972085 10.425479 20.044493 0.000000 0.000000 0.000000 -23.067095 0.000077 -0.046592 39.119745 -1.147127 -14.222702 0.000000 -26.069032 -0.000000 -16.017285 13.397069 -19.343271 -0.000000 0.000000 0.000000 10.065574 6.311444 -8.320146 -0.000000 13.160187 0.000000 -5.261585 -7.207435 -3.006719 -0.000000 0.000000 -0.000000 8.694354 -8.954345 3.099456 0.000000 68.570212 0.000000 1.792461 3.472598 13.046366 0.474235 -11.747078 0.223624 
-0.032958 0.826914 3.178078 -4.915075 -13.120829 0.724845 6.043866 4.552408 0.095401 -0.000000 11.869247 -0.000000 0.000000 -0.000000 0.000000 -0.000000 -0.000000 0.000000 0.064354 -6.889678 1.957817 24.726811 0.000132 1.139577 -44.242972 -2.566831 13.305352 -0.000071 -24.883352 -0.000016 9.133871 10.393758 20.074756 -0.000000 0.000000 -0.000000 -22.985698 0.000090 0.108094 39.174073 -0.696041 -14.594254 -0.000000 -26.116202 0.000000 -16.206923 13.412193 -19.106924 -0.000000 -0.000000 -0.000000 9.706341 7.422857 -8.094611 -0.000000 12.734742 0.000000 -5.172027 -7.751678 -2.756680 0.000000 -0.000000 -0.000000 8.200623 -9.980375 3.349461 0.000000 67.411425 -0.000000 1.939879 2.446265 13.758655 0.461630 -11.922151 0.204196 
-0.032452 0.827623 3.188829 -4.595429 -13.248361 0.278326 5.724431 4.891246 0.749942 -0.000000 11.800069 -0.000000 -0.000000 0.000000 -0.000000 -0.000000 0.000000 0.000000 -0.144526 -6.872120 1.873870 24.502021 0.000209 1.386280 -44.257414 -3.132208 13.316758 -0.000072 -25.319579 -0.000016 9.283287 10.287707 20.191189 -0.000000 0.000000 -0.000000 -22.967961 0.000100 0.346209 39.287316 -0.294922 -15.044990 0.000000 -26.164392 -0.000000 -16.338133 13.376275 -19.044439 -0.000000 0.000000 -0.000000 9.340374 8.604778 -7.765038 -0.000000 12.296079 -0.000000 -5.070351 -8.287638 -2.616226 -0.000000 0.000000 -0.000000 7.723287 -10.858517 3.598035 0.000000 66.027564 0.000000 2.076738 1.565863 14.362099 0.451696 -11.744110 0.196751 
-0.032004 0.828105 3.199429 -4.319417 -13.359173 -0.224498 5.438191 5.254369 1.422516 0.000000 11.714838 -0.000000 0.000000 -0.000000 0.000000 0.000000 0.000000 0.000000 -0.383121 -6.923535 1.772385 24.274805 0.000299 1.631450 -44.291682 -3.719290 13.359434 -0.000074 -25.813466 -0.000017 9.551371 10.229941 20.221312 0.000000 -0.000000 -0.000000 -22.912020 0.000113 0.502626 39.330037 0.180812 -15.242701 0.000000 -26.222022 0.000000 -16.468843 13.332772 -18.914177 0.000000 -0.000000 0.000000 8.999432 9.724226 -7.292420 0.000000 11.916680 -0.000000 -4.975200 -8.828088 -2.568834 -0.000000 0.000000 -0.000000 7.320411 -11.688779 3.896836 -0.000000 64.457709 -0.000000 2.172290 0.909471 14.888002 0.442119 -11.521327 0.190880 
-0.031522 0.828352 3.210008 -4.084891 -13.471339 -0.720495 5.206394 5.597950 2.033492 0.000000 11.662522 -0.000000 0.000000 0.000000 0.000000 0.000000 0.000000 0.000000 -0.682164 -6.981520 1.672547 24.022265 0.000409 1.948783 -44.334285 -4.265050 13.340161 -0.000075 -26.299851 -0.000018 9.753483 10.132409 20.184576 -0.000000 0.000000 0.000000 -22.944537 0.000119 0.796565 39.445909 0.521409 -15.497747 0.000000 -26.275872 -0.000000 -16.637057 13.421365 -18.829176 0.000000 -0.000000 -0.000000 8.685598 10.795281 -6.718604 -0.000000 11.619436 -0.000000 -4.883416 -9.399215 -2.638693 0.000000 0.000000 -0.000000 6.957011 -12.444409 4.133772 0.000000 62.742815 -0.000000 1.937603 0.065968 15.402525 0.435015 -10.954737 0.196897 
-0.031151 0.828409 3.220684 -3.916550 -13.626219 -1.277100 5.030579 5.997417 2.701448 0.000000 11.599478 -0.000000 0.000000 -0.000000 0.000000 -0.000000 -0.000000 -0.000000 -0.973036 -7.043003 1.639450 23.794157 0.000524 2.191628 -44.430917 -4.841795 13.516990 -0.000076 -26.671657 -0.000018 9.795496 9.605630 20.612011 0.000000 0.000000 -0.000000 -22.950603 0.000128 0.960372 39.507295 0.984170 -15.573140 0.000000 -26.334359 -0.000000 -16.708201 13.439440 -18.850363 0.000000 -0.000000 -0.000000 8.419548 11.948532 -6.098288 -0.000000 11.248816 0.000000 -4.800393 -9.934557 -2.711764 0.000000 0.000000 -0.000000 6.729249 -13.051158 4.499995 -0.000000 60.754249 0.000000 1.945701 -0.227952 15.774000 0.422214 -11.188374 0.175388 
-0.030705 0.828216 3.231422 -3.796003 -13.816643 -1.789020 4.933227 6.389392 3.249802 -0.000000 11.613626 -0.000000 -0.000000 0.000000 0.000000 -0.000000 0.000000 0.000000 -1.360330 -7.172933 1.554433 23.549717 0.000657 2.525557 -44.568815 -5.371341 13.600446 -0.000078 -27.236640 -0.000019 9.963177 9.484291 20.559493 0.000000 0.000000 -0.000000 -23.079370 0.000125 1.254760 39.659715 1.284104 -15.610850 -0.000000 -26.401015 -0.000000 -16.858004 13.567310 -18.676382 -0.000000 -0.000000 -0.000000 8.182310 13.105240 -5.518404 -0.000000 10.941202 -0.000000 -4.714064 -10.510195 -2.801484 -0.000000 0.000000 -0.000000 6.518939 -13.542023 4.762260 -0.000000 58.640896 -0.000000 1.883173 -0.617383 16.112223 0.413728 -10.820992 0.174678 
-0.030281 0.827770 3.242275 -3.730975 -14.018105 -2.310341 4.903193 6.778356 3.788225 0.000000 11.631019 0.000000 0.000000 0.000000 -0.000000 0.000000 0.000000 -0.000000 -1.777269 -7.282276 1.507457 23.344031 0.000786 2.812824 -44.844024 -5.884608 13.927455 -0.000081 -27.941658 -0.000020 10.160009 9.408413 20.151075 0.000000 0.000000 -0.000000 -23.247007 0.000116 1.483807 39.855029 1.710798 -15.727339 0.000000 -26.550581 0.000000 -16.782701 13.562860 -18.591364 -0.000000 -0.000000 0.000000 7.977218 14.277769 -4.967638 -0.000000 10.637798 0.000000 -4.627612 -11.099005 -2.862096 -0.000000 -0.000000 -0.000000 6.393605 -13.938778 5.105266 -0.000000 56.343387 -0.000000 1.858262 -0.912585 16.452700 0.402734 -10.811721 0.161555 
-0.029732 0.827170 3.253267 -3.649813 -14.235916 -2.757673 4.854694 7.148170 4.240255 -0.000000 11.688764 0.000000 0.000000 -0.000000 -0.000000 -0.000000 -0.000000 -0.000000 -2.190688 -7.414079 1.477786 23.159579 0.000917 3.146151 -45.115082 -6.376187 14.069797 -0.000083 -28.574531 -0.000021 10.362886 9.258243 19.939270 0.000000 0.000000 -0.000000 -23.393775 0.000108 1.752715 39.947077 1.987247 -15.519358 0.000000 -26.466515 -0.000000 -16.886307 13.653965 -18.744313 -0.000000 -0.000000 -0.000000 7.742337 15.474582 -4.507814 -0.000000 10.331096 -0.000000 -4.528973 -11.706810 -2.895184 0.000000 0.000000 -0.000000 6.225415 -14.232550 5.355943 0.000000 53.904435 -0.000000 1.914267 -1.191544 16.766690 0.392628 -10.681139 0.152671 
-0.029186 0.826316 3.264499 -3.584596 -14.454036 -3.056981 4.839579 7.436024 4.537723 -0.000000 11.818926 0.000000 -0.000000 0.000000 0.000000 -0.000000 0.000000 0.000000 -2.596074 -7.543664 1.392088 22.953085 0.001067 3.442765 -45.242226 -6.987013 13.796877 -0.000084 -28.975605 -0.000022 10.671515 9.203357 20.140489 -0.000000 0.000000 0.000000 -23.582389 0.000093 1.962372 40.090786 2.345948 -15.298585 -0.000000 -26.477081 0.000000 -16.919110 13.696171 -18.805451 0.000000 -0.000000 0.000000 7.543002 16.713888 -4.287922 0.000000 9.966357 0.000000 -4.416869 -12.327086 -2.835042 -0.000000 0.000000 -0.000000 6.046500 -14.464404 5.473485 0.000000 51.341060 -0.000000 1.922578 -1.502865 16.969382 0.384908 -10.206592 0.155928 
-0.028671 0.825315 3.275408 -3.527612 -14.670584 -3.560734 4.795348 7.833289 5.026552 -0.000000 11.866662 -0.000000 -0.000000 0.000000 -0.000000 -0.000000 0.000000 -0.000000 -3.030531 -7.718486 1.333187 22.749642 0.001227 3.813956 -45.316905 -7.587554 13.253410 -0.000085 -29.197608 -0.000022 10.949897 8.990759 20.741875 0.000000 -0.000000 0.000000 -23.815445 0.000071 2.209735 40.288917 2.639781 -15.119695 0.000000 -26.454533 0.000000 -16.812571 13.687716 -18.641914 -0.000000 0.000000 -0.000000 7.282654 17.802284 -3.688555 -0.000000 9.863824 -0.000000 -4.334341 -13.023507 -2.951413 -0.000000 0.000000 -0.000000 5.938349 -14.592081 5.826057 -0.000000 48.641471 -0.000000 1.965726 -1.796479 17.148962 0.377002 -9.748751 0.158703 
-0.028122 0.823948 3.286484 -3.479340 -14.802638 -3.745467 4.825890 7.976726 5.195052 -0.000000 12.061081 0.000000 0.000000 -0.000000 0.000000 -0.000000 -0.000000 -0.000000 -3.499450 -7.884712 1.246263 22.677754 0.001329 4.083658 -45.792424 -8.054624 13.622413 -0.000088 -29.989553 -0.000024 10.978722 8.918295 20.311047 0.000000 -0.000000 0.000000 -24.095297 0.000040 2.456824 40.528230 2.896797 -14.946496 -0.000000 -26.378506 -0.000000 -16.874877 13.636509 -18.786204 0.000000 -0.000000 0.000000 7.110194 18.825615 -3.515329 0.000000 9.737103 0.000000 -4.232722 -13.764281 -2.954727 0.000000 0.000000 -0.000000 5.748046 -14.808032 5.821673 0.000000 45.878253 -0.000000 1.938823 -2.120609 17.338453 0.367851 -9.478148 0.154953 
-0.027601 0.822369 3.297647 -3.449249 -14.971745 -3.945763 4.853695 8.197359 5.366677 0.000000 12.205536 -0.000000 0.000000 -0.000000 -0.000000 0.000000 -0.000000 -0.000000 -3.942864 -8.011580 1.216580 22.555796 0.001462 4.412894 -45.966146 -8.637624 13.118263 -0.000089 -30.250484 -0.000024 11.257922 8.737727 20.773429 0.000000 0.000000 -0.000000 -24.409272 0.000002 2.665419 40.801145 3.202815 -14.719377 -0.000000 -26.431877 -0.000000 -16.775125 13.868297 -18.568208 0.000000 -0.000000 -0.000000 6.950652 19.867933 -3.258652 -0.000000 9.663040 0.000000 -4.146395 -14.533242 -3.037660 -0.000000 0.000000 -0.000000 5.586319 -14.904391 5.857186 0.000000 43.009521 0.000000 1.898511 -2.388425 17.518284 0.357045 -9.472518 0.141838 
-0.027045 0.820577 3.308892 -3.441391 -15.135685 -4.127148 4.931492 8.358868 5.520598 0.000000 12.409859 0.000000 0.000000 -0.000000 0.000000 0.000000 0.000000 -0.000000 -4.419542 -8.159131 1.091703 22.537482 0.001542 4.657761 -46.493902 -9.088451 13.442698 -0.000091 -30.994734 -0.000025 11.175418 8.614579 20.384495 -0.000000 -0.000000 0.000000 -24.753704 -0.000045 2.846345 41.103653 3.498032 -14.453585 0.000000 -26.403461 0.000000 -16.864302 13.939045 -18.584007 -0.000000 0.000000 -0.000000 6.794913 20.890428 -3.187344 -0.000000 9.636374 -0.000000 -4.027431 -15.348355 -2.945677 -0.000000 0.000000 -0.000000 5.439862 -14.943756 5.855795 0.000000 40.118127 -0.000000 1.718203 -2.879608 17.570448 0.350594 -8.764646 0.153788 
-0.026547 0.818531 3.320087 -3.462569 -15.277106 -4.240280 5.044553 8.495597 5.600213 0.000000 12.620149 -0.000000 -0.000000 0.000000 0.000000 -0.000000 0.000000 0.000000 -4.930508 -8.328116 1.008128 22.447647 0.001666 4.938952 -46.708482 -9.688948 12.977118 -0.000092 -31.218684 -0.000026 11.355917 8.362787 20.793913 -0.000000 0.000000 -0.000000 -25.136195 -0.000101 3.006526 41.435442 3.776230 -14.174020 -0.000000 -26.340403 0.000000 -16.798427 13.922954 -18.517237 0.000000 -0.000000 0.000000 6.701996 21.895283 -3.132852 0.000000 9.596909 -0.000000 -3.922362 -16.158693 -2.916323 0.000000 -0.000000 -0.000000 5.310926 -14.962928 5.833625 -0.000000 37.140938 -0.000000 1.752276 -3.114373 17.511318 0.341236 -8.527577 0.149048 
-0.026094 0.816236 3.331420 -3.511238 -15.451340 -4.331527 5.192329 8.633444 5.658508 -0.000000 12.872051 0.000000 -0.000000 -0.000000 0.000000 -0.000000 -0.000000 -0.000000 -5.412309 -8.543229 0.885368 22.503249 0.001703 5.143554 -47.301099 -10.148069 13.251545 -0.000095 -31.901335 -0.000027 11.322457 8.093313 20.430540 -0.000000 -0.000000 0.000000 -25.530156 -0.000163 3.164060 41.780115 3.989002 -13.964887 -0.000000 -26.207030 -0.000000 -16.801208 13.829717 -18.484735 -0.000000 0.000000 -0.000000 6.642017 22.948908 -3.162841 0.000000 9.553146 0.000000 -3.807383 -16.985810 -2.832719 -0.000000 0.000000 -0.000000 5.202256 -14.887122 5.808361 -0.000000 34.141091 0.000000 1.887736 -3.348167 17.350803 0.332682 -8.149887 0.149414 
-0.025638 0.813714 3.342782 -3.598830 -15.584938 -4.379389 5.401272 8.724346 5.644860 0.000000 13.090871 -0.000000 0.000000 -0.000000 0.000000 0.000000 -0.000000 0.000000 -5.962984 -8.665831 0.764198 22.471472 0.001795 5.380663 -47.577690 -10.716207 12.819692 -0.000095 -32.089740 -0.000027 11.471830 7.866731 20.758347 -0.000000 0.000000 0.000000 -25.982976 -0.000240 3.329075 42.173175 4.225737 -13.742886 -0.000000 -26.067791 0.000000 -16.762628 13.869368 -18.445753 0.000000 0.000000 -0.000000 6.642707 24.000421 -3.250138 0.000000 9.443183 0.000000 -3.686740 -17.788372 -2.739530 0.000000 0.000000 -0.000000 5.128424 -14.800470 5.743666 -0.000000 31.139502 0.000000 1.936000 -3.638388 17.033178 0.324600 -7.676652 0.153310 
-0.025221 0.810948 3.354181 -3.711179 -15.745010 -4.412401 5.648027 8.822822 5.612889 0.000000 13.341297 -0.000000 0.000000 -0.000000 -0.000000 -0.000000 -0.000000 -0.000000 -6.547154 -8.796768 0.598717 22.485673 0.001857 5.584758 -47.996913 -11.213053 12.726933 -0.000097 -32.450997 -0.000028 11.410420 7.663231 20.879494 -0.000000 0.000000 -0.000000 -26.491290 -0.000330 3.528267 42.646077 4.358051 -13.616054 0.000000 -25.817177 0.000000 -16.816920 13.583549 -18.389782 -0.000000 0.000000 -0.000000 6.666370 25.064720 -3.490541 -0.000000 9.375936 -0.000000 -3.532853 -18.628035 -2.508398 -0.000000 0.000000 -0.000000 5.079050 -14.646786 5.677257 -0.000000 28.184228 -0.000000 1.901481 -4.038372 16.604880 0.314469 -7.584872 0.143527 
-0.024836 0.807988 3.365533 -3.845349 -15.889450 -4.456602 5.902542 8.925449 5.619748 -0.000000 13.565022 0.000000 -0.000000 0.000000 -0.000000 -0.000000 -0.000000 -0.000000 -7.088185 -8.976625 0.476283 22.542085 0.001888 5.730076 -48.440830 -11.704212 12.613565 -0.000098 -32.792279 -0.000029 11.351379 7.459437 20.861123 -0.000000 0.000000 0.000000 -26.907939 -0.000412 3.658660 42.990226 4.519135 -13.464499 -0.000000 -25.598963 -0.000000 -16.704095 13.577362 -18.360152 0.000000 -0.000000 0.000000 6.712257 26.129088 -3.734310 0.000000 9.278765 -0.000000 -3.370718 -19.450778 -2.261674 -0.000000 0.000000 -0.000000 5.057158 -14.466183 5.615277 0.000000 25.285100 0.000000 1.805249 -4.423286 16.065824 0.304476 -7.473155 0.134476 
-0.024387 0.804818 3.376912 -3.989890 -16.025818 -4.480737 6.185270 9.013435 5.604547 0.000000 13.783474 -0.000000 0.000000 0.000000 0.000000 -0.000000 0.000000 0.000000 -7.606793 -9.119995 0.254979 22.564800 0.001941 5.876465 -48.838570 -12.136575 12.459000 -0.000099 -33.105694 -0.000029 11.286109 7.264681 20.958642 0.000000 0.000000 0.000000 -27.328303 -0.000499 3.770961 43.307480 4.681177 -13.283896 -0.000000 -25.355408 0.000000 -16.500833 13.593676 -18.445810 -0.000000 0.000000 -0.000000 6.772896 27.185493 -4.018523 -0.000000 9.192743 -0.000000 -3.189420 -20.286097 -1.989523 -0.000000 0.000000 -0.000000 5.032142 -14.260164 5.511817 -0.000000 22.457920 0.000000 1.565774 -4.757865 15.455361 0.293686 -7.520347 0.119633 
-0.023899 0.801446 3.388189 -4.141935 -16.131111 -4.506417 6.483216 9.101045 5.617125 -0.000000 13.939631 0.000000 0.000000 0.000000 0.000000 0.000000 -0.000000 -0.000000 -8.146851 -9.195974 0.037377 22.576001 0.002002 5.980253 -49.195494 -12.531560 12.283354 -0.000100 -33.395716 -0.000030 11.225640 7.112707 21.088999 -0.000000 0.000000 0.000000 -27.730704 -0.000589 3.905878 43.608515 4.792979 -13.183980 0.000000 -25.088206 -0.000000 -16.307925 13.681312 -18.516836 0.000000 0.000000 0.000000 6.823338 28.164632 -4.431634 -0.000000 9.196259 0.000000 -2.953989 -21.168716 -1.562572 -0.000000 0.000000 -0.000000 5.030547 -14.079731 5.426344 0.000000 19.789179 -0.000000 1.248472 -5.082450 14.738146 0.283071 -7.540577 0.105736 
-0.023270 0.797921 3.399497 -4.268675 -16.223774 -4.586207 6.756434 9.133394 5.694124 0.000000 14.143426 0.000000 0.000000 0.000000 -0.000000 0.000000 0.000000 0.000000 -8.690645 -9.276931 -0.160217 22.597685 0.002054 6.023779 -49.553991 -12.956456 12.170495 -0.000101 -33.629064 -0.000031 11.090538 6.954496 21.171402 -0.000000 0.000000 -0.000000 -28.101240 -0.000677 3.999338 43.849980 4.916703 -13.034316 0.000000 -24.810384 0.000000 -16.072043 13.801390 -18.801812 -0.000000 -0.000000 -0.000000 6.802685 29.091780 -4.736030 -0.000000 9.292549 0.000000 -2.703691 -22.094310 -1.160600 -0.000000 0.000000 -0.000000 5.008507 -13.888504 5.459859 0.000000 17.287980 -0.000000 0.947127 -5.405684 13.950017 0.272534 -7.552846 0.092100 
-0.022500 0.796064 3.411164 -4.366284 -16.248527 -4.623465 7.013760 9.156392 5.763669 0.000000 14.253013 -0.000000 -0.000000 -0.000000 -0.000000 0.000000 0.000000 -0.000000 -9.224382 -9.389210 -0.397926 22.566298 0.002148 6.101871 -49.795956 -13.252780 11.916171 -0.000102 -33.820109 -0.000031 10.953669 6.842214 21.421617 -0.000000 0.000000 -0.000000 -28.470023 -0.000770 4.133542 44.099944 4.963797 -12.941902 0.000000 -24.510500 0.000000 -15.962978 13.931916 -18.804541 -0.000000 0.000000 -0.000000 6.742982 29.824196 -5.064399 -0.000000 9.555762 0.000000 -2.432260 -22.195362 -0.741441 0.019873 -0.866137 0.000150 4.943447 -13.705788 5.422370 -0.000000 15.024927 -0.000000 0.656308 -5.809264 13.075195 0.261599 -7.644945 0.075471 
-0.021568 0.794421 3.422993 -4.437294 -16.261653 -4.708551 7.242287 9.141500 5.900448 0.000000 14.393549 0.000000 0.000000 0.000000 0.000000 0.000000 0.000000 0.000000 -9.766227 -9.418531 -0.611205 22.530428 0.002247 6.174734 -50.026364 -13.482837 11.656702 -0.000103 -34.027352 -0.000031 10.827799 6.769537 21.584676 -0.000000 -0.000000 -0.000000 -28.811897 -0.000862 4.211148 44.289774 5.043986 -12.887325 -0.000000 -24.111135 0.000000 -15.548426 13.913577 -19.536512 0.000000 -0.000000 0.000000 6.593491 30.496499 -5.381786 -0.000000 9.916680 0.000000 -2.127221 -22.173750 -0.240252 0.043546 -1.897356 0.000721 4.849525 -13.508774 5.422703 0.000000 13.027075 -0.000000 0.461232 -6.313512 12.165433 0.251227 -7.639106 0.062436 
-0.020509 0.792829 3.434880 -4.458955 -16.280273 -4.810412 7.406755 9.178550 6.077397 0.000000 14.475393 0.000000 -0.000000 0.000000 -0.000000 0.000000 0.000000 -0.000000 -10.248429 -9.500245 -0.873916 22.490180 0.002351 6.218617 -50.205751 -13.671277 11.403191 -0.000103 -34.193931 -0.000032 10.674019 6.683584 21.704086 0.000000 0.000000 -0.000000 -29.138397 -0.000955 4.318003 44.451940 5.080518 -12.723513 0.000000 -23.848084 0.000000 -15.263021 14.374944 -19.852268 0.000000 -0.000000 -0.000000 6.354770 31.112720 -5.628284 0.000000 10.394100 -0.000000 -1.824976 -22.106749 0.240834 0.069442 -3.023984 0.001833 4.694082 -13.297614 5.260225 -0.000000 11.297222 -0.000000 0.197262 -6.681063 11.342426 0.239037 -7.965406 0.036916 
-0.019317 0.791403 3.446868 -4.415849 -16.289156 -4.906076 7.495248 9.210321 6.275864 -0.000000 14.512010 0.000000 -0.000000 0.000000 0.000000 0.000000 0.000000 -0.000000 -10.704226 -9.510429 -1.099917 22.470688 0.002440 6.283726 -50.363521 -13.752551 11.135500 -0.000104 -34.320062 -0.000032 10.515354 6.612872 21.776749 0.000000 0.000000 -0.000000 -29.447722 -0.001048 4.385215 44.601022 5.163663 -12.486703 -0.000000 -23.531801 0.000000 -15.019595 14.574291 -20.342774 -0.000000 0.000000 0.000000 6.011175 31.643094 -5.885422 -0.000000 11.009481 -0.000000 -1.508336 -21.936764 0.775310 0.099197 -4.315583 0.003738 4.467820 -13.104499 4.892765 -0.000000 9.896292 -0.000000 -0.138280 -6.975290 10.641528 0.229363 -7.848316 0.027971 
-0.018087 0.790131 3.459043 -4.315063 -16.345761 -5.048596 7.495564 9.177592 6.541852 0.000000 14.746938 0.000000 0.000000 -0.000000 0.000000 0.000000 -0.000000 0.000000 -11.087729 -9.692961 -1.344652 22.460261 0.002520 6.367328 -50.507026 -13.857686 10.845675 -0.000104 -34.421454 -0.000032 10.363054 6.570806 21.681619 -0.000000 0.000000 0.000000 -29.687123 -0.001131 4.400042 44.669111 5.175607 -12.141940 0.000000 -23.172853 -0.000000 -14.730694 14.773136 -20.896522 -0.000000 -0.000000 -0.000000 5.566431 32.177291 -5.930533 -0.000000 11.704858 0.000000 -1.243400 -21.643936 1.163361 0.132588 -5.759730 0.006670 4.174769 -12.845484 4.382760 0.000000 8.799321 0.000000 -0.470326 -7.134041 10.178957 0.218760 -7.901649 0.012586 
-0.016836 0.789042 3.471474 -4.189114 -16.422704 -5.195054 7.428866 9.274826 6.810127 -0.000000 14.771421 -0.000000 0.000000 0.000000 -0.000000 -0.000000 0.000000 -0.000000 -11.380170 -9.750133 -1.549260 22.507188 0.002548 6.403029 -50.625435 -13.892549 10.632330 -0.000104 -34.427493 -0.000032 10.255105 6.473595 21.619964 0.000000 0.000000 0.000000 -29.906755 -0.001212 4.445039 44.739463 5.304702 -11.708146 0.000000 -22.941938 -0.000000 -14.515675 15.009279 -21.367515 -0.000000 0.000000 -0.000000 5.103781 32.761227 -5.759395 -0.000000 12.330271 -0.000000 -1.048774 -21.139938 1.329355 0.170111 -7.373753 0.010961 3.858862 -12.572181 3.817711 -0.000000 8.096523 -0.000000 -0.956027 -7.266236 9.861800 0.208242 -7.945700 -0.002491 
-0.015561 0.787895 3.484066 -3.985568 -16.476792 -5.354419 7.245389 9.307112 7.111921 -0.000000 14.795974 -0.000000 -0.000000 0.000000 -0.000000 -0.000000 0.000000 -0.000000 -11.563612 -9.774210 -1.690648 22.579188 0.002550 6.444690 -50.697829 -13.850237 10.474347 -0.000104 -34.419807 -0.000032 10.167859 6.442432 21.486267 0.000000 0.000000 -0.000000 -30.062355 -0.001281 4.497439 44.754499 5.401464 -11.248971 -0.000000 -22.591444 -0.000000 -14.299877 15.099768 -21.725847 -0.000000 -0.000000 0.000000 4.506655 33.203569 -5.605094 0.000000 13.189563 -0.000000 -0.839837 -20.632588 1.587625 0.210820 -9.111519 0.016798 3.480051 -12.371641 3.239099 0.000000 7.857215 -0.000000 -1.506902 -7.382737 9.665613 0.197474 -8.038170 -0.019462 
-0.014267 0.786869 3.496934 -3.738638 -16.548566 -5.522341 6.980959 9.342617 7.438945 -0.000000 14.782602 -0.000000 -0.000000 0.000000 0.000000 -0.000000 0.000000 0.000000 -11.648237 -9.750316 -1.816108 22.678373 0.002520 6.442522 -50.731653 -13.762170 10.398304 -0.000104 -34.345380 -0.000032 10.049201 6.433804 21.405306 0.000000 0.000000 -0.000000 -30.145602 -0.001336 4.535108 44.723578 5.581191 -10.704067 -0.000000 -22.297487 0.000000 -14.163929 15.190321 -22.104807 0.000000 0.000000 -0.000000 3.843133 33.622485 -5.348123 0.000000 14.115970 -0.000000 -0.662146 -19.962962 1.773275 0.256521 -11.042345 0.024796 3.046958 -12.164476 2.677434 -0.000000 8.022942 -0.000000 -1.625511 -7.462049 9.528280 0.187704 -7.965435 -0.030136 
-0.012953 0.786076 3.510117 -3.451895 -16.577475 -5.640607 6.667493 9.275502 7.728781 0.000000 14.778209 0.000000 0.000000 0.000000 0.000000 -0.000000 0.000000 0.000000 -11.674569 -9.694663 -1.896241 22.776381 0.002487 6.435510 -50.701267 -13.599551 10.329483 -0.000104 -34.256548 -0.000032 10.014322 6.418794 21.247267 -0.000000 0.000000 0.000000 -30.192194 -0.001383 4.581651 44.676408 5.759754 -10.214632 0.000000 -21.997605 -0.000000 -14.080279 15.322035 -22.226872 0.000000 -0.000000 0.000000 3.158245 33.970017 -5.082434 -0.000000 15.068904 0.000000 -0.511733 -19.023621 1.916129 0.309533 -13.250354 0.035952 2.567401 -12.046236 2.146478 0.000000 8.629480 -0.000000 -1.576136 -7.486699 9.410706 0.178988 -7.715373 -0.033963 
-0.011519 0.785382 3.523346 -3.038549 -16.568684 -5.678261 6.205172 9.119227 7.988212 -0.000000 14.784336 -0.000000 0.000000 0.000000 -0.000000 0.000000 -0.000000 -0.000000 -11.601006 -9.641043 -1.972067 22.963491 0.002356 6.403848 -50.701522 -13.406803 10.337141 -0.000103 -34.128623 -0.000032 9.978312 6.438060 21.137852 0.000000 0.000000 0.000000 -30.210760 -0.001424 4.621451 44.659200 5.939253 -9.728567 0.000000 -21.680371 0.000000 -14.065226 15.284848 -22.293522 -0.000000 0.000000 -0.000000 2.381723 34.218405 -4.741717 -0.000000 16.086995 -0.000000 -0.389546 -17.950650 1.937086 0.367338 -15.613030 0.050362 1.953654 -12.022800 1.688014 -0.000000 9.595046 -0.000000 -1.518487 -7.045602 9.247685 0.165878 -8.225399 -0.067221 
-0.009916 0.784894 3.536895 -2.530138 -16.552618 -5.643701 5.639628 8.893426 8.245139 0.000000 14.801223 -0.000000 0.000000 -0.000000 -0.000000 0.000000 -0.000000 -0.000000 -11.420146 -9.529291 -2.067119 23.150259 0.002215 6.332851 -50.641430 -13.116569 10.323252 -0.000103 -34.006251 -0.000031 9.982104 6.470291 21.201232 -0.000000 -0.000000 0.000000 -30.161327 -0.001448 4.601179 44.605248 6.185040 -9.299990 -0.000000 -21.439188 0.000000 -14.023981 15.331469 -22.168872 -0.000000 -0.000000 -0.000000 1.507236 34.402489 -4.496372 -0.000000 17.177824 0.000000 -0.258685 -16.626138 2.033728 0.433598 -18.255441 0.069667 1.216325 -11.996231 1.342249 -0.000000 10.804162 0.000000 -1.550560 -6.178485 9.221937 0.154776 -8.390330 -0.087239 
-0.008145 0.784569 3.550751 -1.968800 -16.519419 -5.557760 5.029364 8.604040 8.466650 -0.000000 14.800448 -0.000000 0.000000 0.000000 -0.000000 0.000000 -0.000000 -0.000000 -11.186808 -9.359067 -2.128749 23.321629 0.002082 6.231565 -50.541540 -12.744102 10.416446 -0.000102 -33.884784 -0.000031 9.935126 6.575724 21.191968 -0.000000 0.000000 -0.000000 -30.086185 -0.001465 4.598427 44.554413 6.442363 -9.003423 -0.000000 -21.208554 -0.000000 -13.936793 15.325310 -21.975956 -0.000000 -0.000000 0.000000 0.584925 34.520107 -4.266183 0.000000 18.317017 0.000000 -0.137256 -15.019366 2.124947 0.509498 -21.186064 0.095286 0.393817 -11.933125 1.048180 0.000000 11.977966 0.000000 -1.346481 -5.053943 9.280300 0.143696 -8.553423 -0.107272 
-0.006269 0.784554 3.564681 -1.320246 -16.452585 -5.386516 4.320630 8.258466 8.648673 -0.000000 14.788113 -0.000000 0.000000 -0.000000 -0.000000 0.000000 -0.000000 -0.000000 -10.873318 -9.180214 -2.204895 23.571849 0.001851 6.092141 -50.481546 -12.357839 10.521182 -0.000101 -33.715847 -0.000031 10.094708 6.586395 21.200184 0.000000 -0.000000 0.000000 -30.010239 -0.001481 4.567645 44.553768 6.692149 -8.746227 0.000000 -21.020450 0.000000 -14.056745 15.367649 -21.637886 -0.000000 0.000000 0.000000 -0.407896 34.477604 -4.142203 -0.000000 19.601084 0.000000 -0.036365 -13.059705 2.275858 0.598948 -24.495941 0.130023 -0.526966 -11.891792 0.817479 -0.000000 12.902188 0.000000 -0.919295 -3.363190 9.482553 0.129052 -9.252027 -0.148579 
-0.004213 0.784749 3.578542 -0.585302 -16.354027 -5.112864 3.519723 7.870470 8.747397 -0.000000 14.789230 -0.000000 -0.000000 -0.000000 -0.000000 0.000000 -0.000000 -0.000000 -10.491647 -9.089779 -2.247582 23.865171 0.001558 5.943512 -50.447711 -11.927475 10.696960 -0.000101 -33.533336 -0.000030 10.113811 6.700566 21.229699 -0.000000 0.000000 0.000000 -29.952827 -0.001501 4.553021 44.597575 6.882085 -8.558568 -0.000000 -20.836724 -0.000000 -14.090047 15.318256 -21.283551 -0.000000 0.000000 -0.000000 -1.475537 34.242643 -4.175609 -0.000000 21.080245 0.000000 0.036496 -10.756043 2.527165 0.704455 -28.186832 0.176863 -1.550409 -11.833995 0.269944 0.000000 13.582578 -0.000000 -1.037804 -1.498793 9.997207 0.121264 -8.924789 -0.149392 
-0.002085 0.785073 3.592220 0.191531 -16.231180 -4.773877 2.674501 7.519057 8.797912 -0.000000 14.720460 0.000000 0.000000 0.000000 0.000000 -0.000000 0.000000 0.000000 -10.073332 -9.060773 -2.310215 24.175403 0.001229 5.752923 -50.399014 -11.496868 10.897407 -0.000100 -33.287826 -0.000030 10.216425 6.746311 21.307146 0.000000 -0.000000 -0.000000 -29.900193 -0.001521 4.527824 44.668486 7.051946 -8.484324 -0.000000 -20.692319 0.000000 -14.174404 15.306784 -20.993429 -0.000000 -0.000000 0.000000 -2.554040 33.788191 -4.218600 0.000000 22.786834 0.000000 0.053606 -8.040568 2.732265 0.831640 -32.319339 0.240983 -2.631686 -11.783953 -0.307313 0.000000 14.421529 0.000000 -0.845844 -0.170587 10.270665 0.111549 -8.888261 -0.161724 
0.000117 0.786046 3.606158 0.997528 -16.063389 -4.409860 1.787541 7.144473 8.821745 0.000000 14.633995 -0.000000 -0.000000 0.000000 -0.000000 0.000000 0.000000 -0.000000 -9.649721 -9.031317 -2.418906 24.470270 0.000903 5.552545 -50.300474 -11.012542 11.111711 -0.000099 -33.046151 -0.000029 10.237893 6.841833 21.379040 -0.000000 -0.000000 -0.000000 -29.833864 -0.001538 4.471752 44.748540 7.223398 -8.463216 -0.000000 -20.583187 0.000000 -14.166543 15.321578 -20.797198 0.000000 0.000000 0.000000 -3.651611 33.070517 -4.217815 -0.000000 24.777999 0.000000 -0.051109 -5.130440 3.024380 0.754954 -35.334916 0.118262 -3.734237 -11.721054 -0.991567 -0.000000 15.366748 -0.000000 -1.092315 0.582442 10.695216 0.102124 -8.813931 -0.172552 
0.002370 0.787223 3.619921 1.847040 -15.872283 -4.044270 0.864362 6.769108 8.878370 0.000000 14.527523 0.000000 -0.000000 -0.000000 -0.000000 0.000000 -0.000000 -0.000000 -9.206719 -9.015822 -2.480296 24.674706 0.000672 5.375855 -50.068430 -10.448090 11.248653 -0.000098 -32.761214 -0.000029 10.259348 6.909660 21.469285 0.000000 0.000000 -0.000000 -29.680652 -0.001529 4.342479 44.735267 7.386637 -8.468140 -0.000000 -20.477048 0.000000 -14.163129 15.321672 -20.712584 0.000000 -0.000000 0.000000 -4.842445 32.022697 -4.335051 -0.000000 27.154922 0.000000 -0.268112 -1.816282 3.352281 0.670833 -38.222581 -0.010135 -4.878137 -11.677880 -1.722346 -0.000000 16.350836 -0.000000 -1.374878 1.104710 11.238328 0.093537 -8.617695 -0.178476 
0.004480 0.788521 3.633507 2.658733 -15.652837 -3.727935 -0.041550 6.394237 8.994740 -0.000000 14.424694 -0.000000 -0.000000 0.000000 0.000000 0.000000 0.000000 0.000000 -8.766619 -9.048066 -2.656925 24.807659 0.000520 5.150798 -49.726677 -9.873736 11.338933 -0.000097 -32.487003 -0.000028 10.209266 7.055885 21.542731 0.000000 -0.000000 -0.000000 -29.400035 -0.001481 4.240547 44.593508 7.436731 -8.513303 0.000000 -20.373102 0.000000 -14.066243 15.336560 -20.837760 -0.000000 0.000000 -0.000000 -5.954149 30.709941 -4.303150 0.000000 29.818846 0.000000 -0.467398 1.751852 3.442872 0.605121 -40.011001 -0.105067 -5.964665 -11.619112 -2.381719 0.000000 17.277699 0.000000 -1.665452 1.486657 11.956317 0.087223 -8.061821 -0.169877 
0.006440 0.789811 3.646883 3.426475 -15.414770 -3.465813 -0.914608 6.034572 9.142104 0.000000 14.295124 -0.000000 -0.000000 0.000000 0.000000 -0.000000 0.000000 0.000000 -8.357801 -9.035308 -2.832812 24.810613 0.000527 4.902609 -49.211779 -9.309513 11.448245 -0.000096 -32.162898 -0.000028 10.122172 7.110625 21.661014 -0.000000 -0.000000 -0.000000 -28.993912 -0.001392 4.132914 44.325811 7.444824 -8.666638 0.000000 -20.308177 -0.000000 -13.910745 15.398920 -21.021069 -0.000000 0.000000 0.000000 -7.010155 29.145709 -4.212255 -0.000000 32.830730 -0.000000 -0.626625 5.486831 3.275405 0.578772 -40.207063 -0.138805 -6.948386 -11.541377 -2.810429 0.000000 18.125289 0.000000 -2.147752 2.056391 12.551871 0.077939 -7.980043 -0.180300 
0.008362 0.791103 3.660033 4.131470 -15.085849 -3.143008 -1.688800 5.577152 9.196936 0.000000 14.155348 0.000000 -0.000000 0.000000 -0.000000 -0.000000 -0.000000 -0.000000 -7.953926 -8.938528 -2.991999 24.696371 0.000686 4.677377 -48.570738 -8.659759 11.516285 -0.000094 -31.823723 -0.000027 9.921874 7.370563 21.822213 0.000000 0.000000 -0.000000 -28.506871 -0.001273 4.017440 43.950892 7.423783 -8.861664 0.000000 -20.247483 0.000000 -13.764632 15.433486 -21.159624 0.000000 -0.000000 0.000000 -7.906602 27.343562 -4.153143 0.000000 36.083245 0.000000 -0.803054 8.669138 3.111744 0.620849 -37.742141 -0.066167 -7.847131 -11.472686 -3.130420 -0.000000 18.830392 -0.000000 -2.663110 2.527824 12.815918 0.072645 -7.218984 -0.163218 
0.010251 0.792372 3.672875 4.806686 -14.773295 -2.919760 -2.446670 5.207794 9.303554 -0.000000 13.955711 0.000000 -0.000000 -0.000000 0.000000 0.000000 -0.000000 0.000000 -7.591764 -8.788770 -3.119606 24.524430 0.000928 4.445054 -47.871262 -8.030996 11.527825 -0.000093 -31.535661 -0.000026 9.914489 7.720347 21.664445 -0.000000 0.000000 0.000000 -27.943122 -0.001125 3.863587 43.464686 7.411719 -9.039802 0.000000 -20.211937 0.000000 -13.466232 15.467726 -21.387739 -0.000000 -0.000000 0.000000 -8.792422 25.378345 -3.940254 0.000000 39.474017 -0.000000 -0.437879 12.021872 2.608924 0.671860 -34.586656 0.027303 -8.683310 -11.318872 -3.123181 -0.000000 19.406284 -0.000000 -2.635875 2.622337 12.606445 0.068860 -6.079466 -0.130710 
0.012178 0.793703 3.685496 5.449640 -14.469337 -2.678410 -3.169777 4.922867 9.344969 -0.000000 13.688329 0.000000 -0.000000 -0.000000 -0.000000 -0.000000 -0.000000 0.000000 -7.239718 -8.626742 -3.230766 24.325153 0.001216 4.182452 -47.162821 -7.427778 11.646093 -0.000092 -31.084794 -0.000025 9.729157 7.763679 21.863174 0.000000 -0.000000 0.000000 -27.405244 -0.000978 3.758846 42.992116 7.320381 -9.272778 -0.000000 -20.230772 0.000000 -13.286013 15.463446 -21.485612 -0.000000 0.000000 -0.000000 -9.619487 23.331495 -3.793359 0.000000 42.782891 0.000000 -0.022183 15.624245 2.133376 0.723273 -30.929112 0.131499 -9.517648 -11.082533 -3.002094 0.000000 19.939055 -0.000000 -2.048304 2.310609 12.148887 0.062288 -5.406995 -0.116925 
0.014098 0.795130 3.697875 6.072791 -14.207615 -2.466330 -3.880015 4.701487 9.349515 -0.000000 13.449909 0.000000 0.000000 0.000000 -0.000000 0.000000 0.000000 -0.000000 -6.878079 -8.546233 -3.289457 24.139777 0.001494 3.945681 -46.495391 -6.873024 11.749257 -0.000090 -30.648165 -0.000025 9.651915 7.947886 21.917757 -0.000000 -0.000000 0.000000 -26.904323 -0.000837 3.612213 42.539691 7.220035 -9.502179 -0.000000 -20.316620 0.000000 -13.041638 15.464332 -21.395750 -0.000000 -0.000000 -0.000000 -10.441192 21.227921 -3.650332 -0.000000 45.999688 0.000000 1.003861 19.625595 1.158547 0.754876 -27.908274 0.208719 -10.327575 -10.732958 -2.832175 0.000000 20.371482 0.000000 -1.366751 1.782782 11.808449 0.055661 -4.680040 -0.100792 
0.015931 0.796733 3.710077 6.692840 -13.982124 -2.243042 -4.612710 4.578292 9.274818 -0.000000 13.170824 -0.000000 -0.000000 -0.000000 0.000000 0.000000 0.000000 -0.000000 -6.528421 -8.503702 -3.270114 24.049919 0.001649 3.724370 -45.929299 -6.371849 11.887814 -0.000088 -30.149812 -0.000024 9.620741 8.135946 21.997784 -0.000000 -0.000000 -0.000000 -26.466493 -0.000710 3.496818 42.151795 7.076089 -9.613532 0.000000 -20.441442 0.000000 -12.862780 15.407835 -21.253558 0.000000 0.000000 -0.000000 -11.238077 19.042676 -3.681154 -0.000000 49.296090 -0.000000 0.437833 22.585154 0.702717 0.812360 -22.335590 0.359015 -11.157691 -10.218238 -2.857739 0.000000 20.549111 -0.000000 -0.653728 1.290486 11.681445 0.048995 -3.866741 -0.080998 
0.017677 0.798410 3.722017 7.329433 -13.739338 -2.023068 -5.383163 4.466945 9.156641 -0.000000 12.887203 -0.000000 -0.000000 0.000000 0.000000 -0.000000 0.000000 -0.000000 -6.141853 -8.480782 -3.224586 24.004008 0.001745 3.501409 -45.400144 -5.920705 12.002672 -0.000086 -29.631579 -0.000023 9.646536 8.407622 22.063090 -0.000000 -0.000000 0.000000 -26.057042 -0.000587 3.378151 41.813620 6.902776 -9.717527 0.000000 -20.593288 0.000000 -12.764269 15.277771 -20.941136 0.000000 -0.000000 -0.000000 -12.041374 16.826977 -3.739758 0.000000 52.395807 -0.000000 0.537077 25.705814 -0.191714 0.828793 -19.224595 0.430357 -12.039407 -9.629818 -3.046381 -0.000000 20.551132 0.000000 0.092767 0.939910 11.713677 0.041051 -3.364354 -0.073682 
0.019178 0.800186 3.733887 7.895784 -13.573042 -1.816092 -6.093754 4.453852 8.973001 -0.000000 12.631757 0.000000 -0.000000 -0.000000 0.000000 -0.000000 -0.000000 -0.000000 -5.791907 -8.542738 -3.153097 24.007926 0.001770 3.314639 -44.964611 -5.471716 12.197855 -0.000085 -29.207904 -0.000022 9.649177 8.751234 21.953927 0.000000 -0.000000 0.000000 -25.716044 -0.000483 3.286988 41.545501 6.657588 -9.799581 0.000000 -20.795345 -0.000000 -12.616789 15.141647 -20.532623 0.000000 -0.000000 -0.000000 -12.745708 14.713351 -3.871244 -0.000000 55.364623 -0.000000 0.511399 27.700438 -1.104759 0.842834 -15.792471 0.509044 -12.826115 -8.890760 -3.140176 0.000000 20.415346 0.000000 1.045816 0.560173 11.676528 0.033591 -2.610084 -0.055961 
0.020354 0.801947 3.745148 8.362931 -13.388924 -1.660671 -6.712963 4.416963 8.750043 0.000000 12.423857 0.000000 -0.000000 0.000000 0.000000 0.000000 0.000000 -0.000000 -5.460664 -8.661289 -2.996994 24.000180 0.001813 3.177749 -44.475842 -5.098977 12.209168 -0.000083 -28.594393 -0.000021 9.659704 9.041478 22.226976 -0.000000 -0.000000 0.000000 -25.417136 -0.000389 3.204474 41.318742 6.403170 -9.833556 0.000000 -21.099224 0.000000 -12.455194 14.962572 -20.189734 0.000000 -0.000000 -0.000000 -13.295197 12.572900 -3.994540 -0.000000 58.212469 -0.000000 0.590169 27.989848 -2.242454 0.844078 -13.426737 0.557349 -13.471841 -8.121401 -3.194586 -0.000000 20.110705 0.000000 1.803473 0.262350 11.669379 0.025785 -1.849628 -0.037805 
0.021256 0.803785 3.756373 8.683224 -13.226931 -1.571840 -7.171646 4.400573 8.501842 -0.000000 12.225715 -0.000000 0.000000 0.000000 -0.000000 -0.000000 -0.000000 -0.000000 -5.158804 -8.771477 -2.803469 24.032138 0.001796 3.039577 -44.069164 -4.743294 12.212357 -0.000081 -28.050023 -0.000020 9.702579 9.399502 22.386485 -0.000000 -0.000000 0.000000 -25.187423 -0.000316 3.153630 41.143153 6.061774 -9.763797 -0.000000 -21.333396 0.000000 -12.516038 14.743218 -19.832450 -0.000000 -0.000000 0.000000 -13.634364 10.467261 -4.085129 -0.000000 60.895558 -0.000000 0.572590 26.852898 -3.344730 0.825454 -13.771142 0.531315 -13.929514 -7.300771 -3.108879 -0.000000 19.748110 0.000000 2.578904 -0.007928 11.568665 0.017221 -1.372892 -0.031109 
0.022059 0.805755 3.767594 8.906953 -13.157494 -1.600108 -7.520593 4.485916 8.296183 -0.000000 12.029969 -0.000000 -0.000000 -0.000000 -0.000000 0.000000 -0.000000 0.000000 -4.951278 -8.859474 -2.585937 24.060228 0.001783 2.965860 -43.713954 -4.351155 12.233077 -0.000079 -27.509307 -0.000019 9.661814 9.675821 22.765970 0.000000 -0.000000 0.000000 -25.050635 -0.000274 3.116272 41.049041 5.700142 -9.711984 -0.000000 -21.606006 0.000000 -12.601818 14.363478 -19.351772 -0.000000 -0.000000 0.000000 -13.908222 8.409926 -4.176978 -0.000000 63.416641 -0.000000 -0.034806 24.472712 -4.063270 0.817166 -12.619635 0.546789 -14.282812 -6.338084 -3.003889 -0.000000 19.269975 0.000000 3.305498 -0.281767 11.561515 0.008903 -0.532254 -0.009293 
